{
  "config": {
    "name": "overnight__deeper_cnn_affine_sgd_onecycle_0p2_0p0_0p0",
    "seed": 42,
    "data": {
      "batch_size": 128,
      "val_split": 0.1,
      "augmentation": "affine",
      "num_workers": 0
    },
    "model": {
      "name": "deeper_cnn",
      "kwargs": {
        "dropout": 0.2
      }
    },
    "optimizer": {
      "name": "sgd",
      "lr": 0.001,
      "weight_decay": 0.0,
      "momentum": 0.9,
      "nesterov": false
    },
    "scheduler": {
      "name": "onecycle",
      "kwargs": {
        "t_max": 15
      }
    },
    "training": {
      "epochs": 15,
      "label_smoothing": 0.0,
      "early_stopping_patience": 0
    },
    "parameters": 585066,
    "device": "cuda (NVIDIA GeForce RTX 4060 Ti)",
    "legacy_run_id": "overnight__deeper_cnn_affine_sgd_onecycle_0p2_0p0_0p0__2594843f"
  },
  "training": {
    "train_loss": [
      1.059738,
      0.168973,
      0.100454,
      0.076177,
      0.063616,
      0.055195,
      0.047466,
      0.04409,
      0.04033,
      0.037622,
      0.033192,
      0.031291,
      0.028568,
      0.026792,
      0.023212
    ],
    "train_acc": [
      0.663093,
      0.948704,
      0.969352,
      0.976537,
      0.980907,
      0.9825,
      0.985056,
      0.986463,
      0.987667,
      0.988481,
      0.989907,
      0.990926,
      0.991074,
      0.992019,
      0.992463
    ],
    "val_loss": [
      0.101344,
      0.048578,
      0.042749,
      0.03536,
      0.032307,
      0.023272,
      0.034141,
      0.019249,
      0.023578,
      0.01914,
      0.017692,
      0.017812,
      0.016388,
      0.016002,
      0.016131
    ],
    "val_acc": [
      0.969833,
      0.9845,
      0.987667,
      0.9885,
      0.990333,
      0.991667,
      0.989833,
      0.993333,
      0.993,
      0.993833,
      0.9945,
      0.995,
      0.995167,
      0.994333,
      0.994667
    ],
    "learning_rates": [
      0.001524122,
      0.004369966,
      0.007604586,
      0.009712935,
      0.009943625,
      0.009503307,
      0.008662853,
      0.007496939,
      0.006109164,
      0.004622836,
      0.003170023,
      0.001879813,
      0.0008668467,
      0.0002211314,
      4.125671e-08
    ],
    "epoch_times": [],
    "best_val_acc": 0.9951666666666666,
    "best_epoch": 13,
    "total_time": 243.3551206588745
  },
  "evaluation": {
    "overall_accuracy": 99.63,
    "loss": 0.010331895446777343,
    "per_class_accuracy": {}
  }
}