{
  "config": {
    "name": "overnight__deeper_cnn_affine_erasing_adamw_cosine_0p3_0p0005_0p1",
    "seed": 42,
    "data": {
      "batch_size": 128,
      "val_split": 0.1,
      "augmentation": "affine_erasing",
      "num_workers": 0
    },
    "model": {
      "name": "deeper_cnn",
      "kwargs": {
        "dropout": 0.3
      }
    },
    "optimizer": {
      "name": "adamw",
      "lr": 0.001,
      "weight_decay": 0.0005,
      "momentum": 0.9,
      "nesterov": false
    },
    "scheduler": {
      "name": "cosine",
      "kwargs": {
        "t_max": 15
      }
    },
    "training": {
      "epochs": 15,
      "label_smoothing": 0.1,
      "early_stopping_patience": 0
    },
    "parameters": 585066,
    "device": "cuda (NVIDIA GeForce RTX 4060 Ti)",
    "legacy_run_id": "overnight__deeper_cnn_affine_erasing_adamw_cosine_0p3_0p0005_0p1__ba57a1ba"
  },
  "training": {
    "train_loss": [
      0.859241,
      0.635439,
      0.612277,
      0.600061,
      0.590642,
      0.583055,
      0.575519,
      0.571049,
      0.56698,
      0.561544,
      0.558649,
      0.555592,
      0.552401,
      0.550976,
      0.551951
    ],
    "train_acc": [
      0.873611,
      0.968593,
      0.975333,
      0.978574,
      0.980241,
      0.983093,
      0.984593,
      0.985685,
      0.985759,
      0.987833,
      0.988259,
      0.989019,
      0.989685,
      0.990352,
      0.989926
    ],
    "val_loss": [
      0.574377,
      0.553479,
      0.557105,
      0.539664,
      0.542335,
      0.536035,
      0.533273,
      0.525932,
      0.527364,
      0.527843,
      0.522217,
      0.522203,
      0.519822,
      0.519433,
      0.519066
    ],
    "val_acc": [
      0.984,
      0.990833,
      0.991167,
      0.991,
      0.992833,
      0.992667,
      0.993333,
      0.993167,
      0.992833,
      0.9945,
      0.994667,
      0.994833,
      0.995167,
      0.995167,
      0.995167
    ],
    "learning_rates": [
      0.0009890738,
      0.0009567727,
      0.0009045085,
      0.0008345653,
      0.00075,
      0.0006545085,
      0.0005522642,
      0.0004477358,
      0.0003454915,
      0.00025,
      0.0001654347,
      9.54915e-05,
      4.322727e-05,
      1.09262e-05,
      0.0
    ],
    "epoch_times": [],
    "best_val_acc": 0.9951666666666666,
    "best_epoch": 13,
    "total_time": 296.12487268447876
  },
  "evaluation": {
    "overall_accuracy": 99.64,
    "loss": 0.08341044921875,
    "per_class_accuracy": {}
  }
}