{
  "config": {
    "name": "overnight__deeper_cnn_affine_erasing_sgd_onecycle_0p3_0p0005_0p1",
    "seed": 42,
    "data": {
      "batch_size": 128,
      "val_split": 0.1,
      "augmentation": "affine_erasing",
      "num_workers": 0
    },
    "model": {
      "name": "deeper_cnn",
      "kwargs": {
        "dropout": 0.3
      }
    },
    "optimizer": {
      "name": "sgd",
      "lr": 0.001,
      "weight_decay": 0.0005,
      "momentum": 0.9,
      "nesterov": false
    },
    "scheduler": {
      "name": "onecycle",
      "kwargs": {
        "t_max": 15
      }
    },
    "training": {
      "epochs": 15,
      "label_smoothing": 0.1,
      "early_stopping_patience": 0
    },
    "parameters": 585066,
    "device": "cuda (NVIDIA GeForce RTX 4060 Ti)",
    "legacy_run_id": "overnight__deeper_cnn_affine_erasing_sgd_onecycle_0p3_0p0005_0p1__a02a2de5"
  },
  "training": {
    "train_loss": [
      1.691993,
      0.817604,
      0.696144,
      0.65432,
      0.63046,
      0.617575,
      0.605977,
      0.599718,
      0.59471,
      0.588351,
      0.585759,
      0.580454,
      0.578212,
      0.575973,
      0.574918
    ],
    "train_acc": [
      0.4835,
      0.904519,
      0.949,
      0.961111,
      0.96863,
      0.971833,
      0.975556,
      0.97663,
      0.977889,
      0.980963,
      0.980833,
      0.982759,
      0.982796,
      0.983574,
      0.983926
    ],
    "val_loss": [
      0.737572,
      0.640331,
      0.602164,
      0.581086,
      0.570295,
      0.559023,
      0.551143,
      0.548941,
      0.549829,
      0.544842,
      0.541138,
      0.540529,
      0.535483,
      0.536205,
      0.535392
    ],
    "val_acc": [
      0.9365,
      0.976167,
      0.9845,
      0.987167,
      0.9865,
      0.989833,
      0.990833,
      0.991167,
      0.990833,
      0.993,
      0.9925,
      0.992167,
      0.9925,
      0.992833,
      0.993
    ],
    "learning_rates": [
      0.001524122,
      0.004369966,
      0.007604586,
      0.009712935,
      0.009943625,
      0.009503307,
      0.008662853,
      0.007496939,
      0.006109164,
      0.004622836,
      0.003170023,
      0.001879813,
      0.0008668467,
      0.0002211314,
      4.125671e-08
    ],
    "epoch_times": [],
    "best_val_acc": 0.993,
    "best_epoch": 10,
    "total_time": 293.94734025001526
  },
  "evaluation": {
    "overall_accuracy": 99.46000000000001,
    "loss": 0.07147250366210937,
    "per_class_accuracy": {}
  }
}