{
  "config": {
    "name": "overnight__deeper_cnn_affine_adamw_cosine_0p2_0p0_0p0",
    "seed": 42,
    "data": {
      "batch_size": 128,
      "val_split": 0.1,
      "augmentation": "affine",
      "num_workers": 0
    },
    "model": {
      "name": "deeper_cnn",
      "kwargs": {
        "dropout": 0.2
      }
    },
    "optimizer": {
      "name": "adamw",
      "lr": 0.001,
      "weight_decay": 0.0,
      "momentum": 0.9,
      "nesterov": false
    },
    "scheduler": {
      "name": "cosine",
      "kwargs": {
        "t_max": 15
      }
    },
    "training": {
      "epochs": 15,
      "label_smoothing": 0.0,
      "early_stopping_patience": 0
    },
    "parameters": 585066,
    "device": "cuda (NVIDIA GeForce RTX 4060 Ti)",
    "legacy_run_id": "overnight__deeper_cnn_affine_adamw_cosine_0p2_0p0_0p0__4d906d85"
  },
  "training": {
    "train_loss": [
      0.248795,
      0.079086,
      0.061169,
      0.051547,
      0.044668,
      0.04323,
      0.035842,
      0.03294,
      0.029149,
      0.02414,
      0.022391,
      0.020492,
      0.019318,
      0.017871,
      0.016209
    ],
    "train_acc": [
      0.921037,
      0.97563,
      0.981648,
      0.984537,
      0.986444,
      0.986759,
      0.989185,
      0.989574,
      0.991278,
      0.992796,
      0.993167,
      0.993759,
      0.994093,
      0.994167,
      0.995204
    ],
    "val_loss": [
      0.05421,
      0.03893,
      0.028283,
      0.028837,
      0.026959,
      0.023561,
      0.024996,
      0.017136,
      0.018798,
      0.020696,
      0.016863,
      0.015823,
      0.01516,
      0.014791,
      0.014793
    ],
    "val_acc": [
      0.983667,
      0.987667,
      0.990833,
      0.991333,
      0.992333,
      0.992667,
      0.993333,
      0.9945,
      0.9945,
      0.994833,
      0.995333,
      0.995,
      0.995833,
      0.996,
      0.996167
    ],
    "learning_rates": [
      0.0009890738,
      0.0009567727,
      0.0009045085,
      0.0008345653,
      0.00075,
      0.0006545085,
      0.0005522642,
      0.0004477358,
      0.0003454915,
      0.00025,
      0.0001654347,
      9.54915e-05,
      4.322727e-05,
      1.09262e-05,
      0.0
    ],
    "epoch_times": [],
    "best_val_acc": 0.9961666666666666,
    "best_epoch": 15,
    "total_time": 246.5071415901184
  },
  "evaluation": {
    "overall_accuracy": 99.67,
    "loss": 0.009598368835449218,
    "per_class_accuracy": {}
  }
}