{
  "config": {
    "name": "overnight__deeper_cnn_affine_erasing_sgd_onecycle_0p2_0p0_0p0",
    "seed": 42,
    "data": {
      "batch_size": 128,
      "val_split": 0.1,
      "augmentation": "affine_erasing",
      "num_workers": 0
    },
    "model": {
      "name": "deeper_cnn",
      "kwargs": {
        "dropout": 0.2
      }
    },
    "optimizer": {
      "name": "sgd",
      "lr": 0.001,
      "weight_decay": 0.0,
      "momentum": 0.9,
      "nesterov": false
    },
    "scheduler": {
      "name": "onecycle",
      "kwargs": {
        "t_max": 15
      }
    },
    "training": {
      "epochs": 15,
      "label_smoothing": 0.0,
      "early_stopping_patience": 0
    },
    "parameters": 585066,
    "device": "cuda (NVIDIA GeForce RTX 4060 Ti)",
    "legacy_run_id": "overnight__deeper_cnn_affine_erasing_sgd_onecycle_0p2_0p0_0p0__b4046641"
  },
  "training": {
    "train_loss": [
      1.197236,
      0.217561,
      0.133036,
      0.10609,
      0.087401,
      0.076784,
      0.068742,
      0.064416,
      0.058591,
      0.053748,
      0.051985,
      0.045744,
      0.042747,
      0.040011,
      0.040837
    ],
    "train_acc": [
      0.607074,
      0.934407,
      0.958241,
      0.966815,
      0.972407,
      0.976,
      0.978241,
      0.979241,
      0.980778,
      0.98263,
      0.983204,
      0.985574,
      0.98637,
      0.987333,
      0.987167
    ],
    "val_loss": [
      0.122991,
      0.056331,
      0.040708,
      0.037091,
      0.037069,
      0.026388,
      0.024398,
      0.025763,
      0.021641,
      0.020013,
      0.02265,
      0.019954,
      0.017411,
      0.016527,
      0.01653
    ],
    "val_acc": [
      0.963833,
      0.982333,
      0.987667,
      0.9895,
      0.988667,
      0.991833,
      0.9925,
      0.992,
      0.993,
      0.993333,
      0.9935,
      0.9945,
      0.994833,
      0.995,
      0.995
    ],
    "learning_rates": [
      0.001524122,
      0.004369966,
      0.007604586,
      0.009712935,
      0.009943625,
      0.009503307,
      0.008662853,
      0.007496939,
      0.006109164,
      0.004622836,
      0.003170023,
      0.001879813,
      0.0008668467,
      0.0002211314,
      4.125671e-08
    ],
    "epoch_times": [],
    "best_val_acc": 0.995,
    "best_epoch": 14,
    "total_time": 289.30535554885864
  },
  "evaluation": {
    "overall_accuracy": 99.67,
    "loss": 0.010439556884765624,
    "per_class_accuracy": {}
  }
}