{
  "config": {
    "name": "top3_deeper_cnn_light",
    "seed": 42,
    "data": {
      "batch_size": 128,
      "val_split": 0.1,
      "augmentation": "affine",
      "num_workers": 0
    },
    "model": {
      "name": "deeper_cnn",
      "kwargs": {
        "dropout": 0.2
      }
    },
    "optimizer": {
      "name": "adamw",
      "lr": 0.001,
      "weight_decay": 0.0,
      "momentum": 0.9,
      "nesterov": false
    },
    "scheduler": {
      "name": "cosine",
      "kwargs": {
        "t_max": 15
      }
    },
    "training": {
      "epochs": 15,
      "label_smoothing": 0.0,
      "early_stopping_patience": 0
    },
    "parameters": 585066,
    "device": "cuda"
  },
  "training": {
    "train_loss": [
      0.2764083839699074,
      0.07862914134837963,
      0.06166199634693287,
      0.05029955150462963,
      0.04475104890046296,
      0.04172708695023148,
      0.034539519133391205,
      0.03388584165219907,
      0.028865037706163194,
      0.025968521683304397,
      0.023652278193721066,
      0.019948411729600695,
      0.019263084129050926,
      0.017413228352864584,
      0.01691789980287905
    ],
    "train_acc": [
      0.9112777777777777,
      0.9760555555555556,
      0.9806666666666667,
      0.9848148148148148,
      0.9863148148148149,
      0.9872222222222222,
      0.9887037037037038,
      0.9893703703703703,
      0.9912592592592593,
      0.9921481481481481,
      0.992537037037037,
      0.9943888888888889,
      0.9940925925925926,
      0.9945555555555555,
      0.9946481481481482
    ],
    "val_loss": [
      0.041223711649576826,
      0.03591364542643229,
      0.030888562520345053,
      0.0238861567179362,
      0.024788711547851564,
      0.019253040313720705,
      0.019859105428059895,
      0.015909353892008465,
      0.02045206578572591,
      0.01603665542602539,
      0.014217667897542318,
      0.015283735911051432,
      0.013641668955485025,
      0.013847994486490885,
      0.013567796071370443
    ],
    "val_acc": [
      0.9875,
      0.9891666666666666,
      0.9908333333333333,
      0.993,
      0.9926666666666667,
      0.9935,
      0.9931666666666666,
      0.9948333333333333,
      0.9938333333333333,
      0.9953333333333333,
      0.9955,
      0.9956666666666667,
      0.9958333333333333,
      0.9953333333333333,
      0.9956666666666667
    ],
    "learning_rates": [
      0.0009890738003669028,
      0.0009567727288213003,
      0.0009045084971874737,
      0.0008345653031794292,
      0.00075,
      0.0006545084971874737,
      0.0005522642316338268,
      0.0004477357683661734,
      0.0003454915028125264,
      0.0002500000000000001,
      0.00016543469682057103,
      9.549150281252631e-05,
      4.322727117869951e-05,
      1.0926199633097156e-05,
      0.0
    ],
    "epoch_times": [
      16.01632308959961,
      15.55335807800293,
      15.620095252990723,
      15.607111930847168,
      15.581471681594849,
      15.847257375717163,
      15.69706916809082,
      15.520411968231201,
      15.532981157302856,
      15.524087190628052,
      15.574218034744263,
      15.445289611816406,
      15.758825302124023,
      15.661142110824585,
      15.750814199447632
    ],
    "best_val_acc": 0.9958333333333333,
    "best_epoch": 13,
    "total_time": 234.72056484222412
  },
  "evaluation": {
    "overall_accuracy": 99.64,
    "per_class_accuracy": {
      "0": 99.89795918367346,
      "1": 100.0,
      "2": 99.70930232558139,
      "3": 99.9009900990099,
      "4": 99.59266802443992,
      "5": 99.32735426008968,
      "6": 99.37369519832986,
      "7": 99.5136186770428,
      "8": 99.58932238193019,
      "9": 99.40535183349851
    },
    "loss": 0.010580783766257809
  }
}