{
  "config": {
    "name": "overnight__deeper_cnn_none_adamw_cosine_0p2_0p0_0p0",
    "seed": 42,
    "data": {
      "batch_size": 128,
      "val_split": 0.1,
      "augmentation": "none",
      "num_workers": 0
    },
    "model": {
      "name": "deeper_cnn",
      "kwargs": {
        "dropout": 0.2
      }
    },
    "optimizer": {
      "name": "adamw",
      "lr": 0.001,
      "weight_decay": 0.0,
      "momentum": 0.9,
      "nesterov": false
    },
    "scheduler": {
      "name": "cosine",
      "kwargs": {
        "t_max": 15
      }
    },
    "training": {
      "epochs": 15,
      "label_smoothing": 0.0,
      "early_stopping_patience": 0
    },
    "parameters": 585066,
    "device": "cuda (NVIDIA GeForce RTX 4060 Ti)",
    "legacy_run_id": "overnight__deeper_cnn_none_adamw_cosine_0p2_0p0_0p0__a6b0338b"
  },
  "training": {
    "train_loss": [
      0.190779,
      0.050462,
      0.035927,
      0.031174,
      0.023869,
      0.019527,
      0.015548,
      0.013248,
      0.009164,
      0.007609,
      0.006139,
      0.004183,
      0.00315,
      0.002182,
      0.0022
    ],
    "train_acc": [
      0.940963,
      0.984056,
      0.988852,
      0.990167,
      0.992907,
      0.993722,
      0.995167,
      0.995481,
      0.997074,
      0.997556,
      0.998148,
      0.998593,
      0.999259,
      0.999444,
      0.999426
    ],
    "val_loss": [
      0.041054,
      0.035463,
      0.032584,
      0.030036,
      0.026893,
      0.037137,
      0.025749,
      0.024001,
      0.020803,
      0.020116,
      0.022344,
      0.022525,
      0.020855,
      0.022839,
      0.022509
    ],
    "val_acc": [
      0.986333,
      0.9875,
      0.990333,
      0.991833,
      0.993,
      0.990333,
      0.9935,
      0.994167,
      0.993833,
      0.994667,
      0.994667,
      0.994833,
      0.9955,
      0.995,
      0.995167
    ],
    "learning_rates": [
      0.0009890738,
      0.0009567727,
      0.0009045085,
      0.0008345653,
      0.00075,
      0.0006545085,
      0.0005522642,
      0.0004477358,
      0.0003454915,
      0.00025,
      0.0001654347,
      9.54915e-05,
      4.322727e-05,
      1.09262e-05,
      0.0
    ],
    "epoch_times": [],
    "best_val_acc": 0.9955,
    "best_epoch": 13,
    "total_time": 187.96986937522888
  },
  "evaluation": {
    "overall_accuracy": 99.58,
    "loss": 0.014119808959960938,
    "per_class_accuracy": {}
  }
}