{
  "config": {
    "name": "overnight__deeper_cnn_affine_sgd_onecycle_0p3_0p0005_0p1",
    "seed": 42,
    "data": {
      "batch_size": 128,
      "val_split": 0.1,
      "augmentation": "affine",
      "num_workers": 0
    },
    "model": {
      "name": "deeper_cnn",
      "kwargs": {
        "dropout": 0.3
      }
    },
    "optimizer": {
      "name": "sgd",
      "lr": 0.001,
      "weight_decay": 0.0005,
      "momentum": 0.9,
      "nesterov": false
    },
    "scheduler": {
      "name": "onecycle",
      "kwargs": {
        "t_max": 15
      }
    },
    "training": {
      "epochs": 15,
      "label_smoothing": 0.1,
      "early_stopping_patience": 0
    },
    "parameters": 585066,
    "device": "cuda (NVIDIA GeForce RTX 4060 Ti)",
    "legacy_run_id": "overnight__deeper_cnn_affine_sgd_onecycle_0p3_0p0005_0p1__4a96234e"
  },
  "training": {
    "train_loss": [
      1.574637,
      0.775343,
      0.663225,
      0.626042,
      0.60502,
      0.593565,
      0.585773,
      0.579396,
      0.573842,
      0.57072,
      0.566657,
      0.563595,
      0.56227,
      0.560702,
      0.558255
    ],
    "train_acc": [
      0.543759,
      0.923315,
      0.962259,
      0.973148,
      0.978037,
      0.980889,
      0.98337,
      0.984296,
      0.986111,
      0.9865,
      0.987611,
      0.988426,
      0.988593,
      0.989167,
      0.989593
    ],
    "val_loss": [
      0.712086,
      0.618583,
      0.593247,
      0.579845,
      0.565725,
      0.560368,
      0.54953,
      0.543622,
      0.540179,
      0.542369,
      0.537125,
      0.536252,
      0.534569,
      0.534376,
      0.533722
    ],
    "val_acc": [
      0.949,
      0.980667,
      0.986833,
      0.988,
      0.9895,
      0.990833,
      0.991,
      0.992167,
      0.991833,
      0.993,
      0.993167,
      0.993167,
      0.993667,
      0.993833,
      0.993667
    ],
    "learning_rates": [
      0.001524122,
      0.004369966,
      0.007604586,
      0.009712935,
      0.009943625,
      0.009503307,
      0.008662853,
      0.007496939,
      0.006109164,
      0.004622836,
      0.003170023,
      0.001879813,
      0.0008668467,
      0.0002211314,
      4.125671e-08
    ],
    "epoch_times": [],
    "best_val_acc": 0.9938333333333333,
    "best_epoch": 14,
    "total_time": 246.56454586982727
  },
  "evaluation": {
    "overall_accuracy": 99.51,
    "loss": 0.07712103271484375,
    "per_class_accuracy": {}
  }
}