{
  "config": {
    "name": "overnight__deeper_cnn_affine_adamw_cosine_0p3_0p0005_0p1",
    "seed": 42,
    "data": {
      "batch_size": 128,
      "val_split": 0.1,
      "augmentation": "affine",
      "num_workers": 0
    },
    "model": {
      "name": "deeper_cnn",
      "kwargs": {
        "dropout": 0.3
      }
    },
    "optimizer": {
      "name": "adamw",
      "lr": 0.001,
      "weight_decay": 0.0005,
      "momentum": 0.9,
      "nesterov": false
    },
    "scheduler": {
      "name": "cosine",
      "kwargs": {
        "t_max": 15
      }
    },
    "training": {
      "epochs": 15,
      "label_smoothing": 0.1,
      "early_stopping_patience": 0
    },
    "parameters": 585066,
    "device": "cuda (NVIDIA GeForce RTX 4060 Ti)",
    "legacy_run_id": "overnight__deeper_cnn_affine_adamw_cosine_0p3_0p0005_0p1__48f278a5"
  },
  "training": {
    "train_loss": [
      0.799637,
      0.605354,
      0.585993,
      0.575231,
      0.568659,
      0.562054,
      0.557462,
      0.553392,
      0.549297,
      0.545932,
      0.543762,
      0.541183,
      0.539123,
      0.53807,
      0.536936
    ],
    "train_acc": [
      0.898981,
      0.978463,
      0.983333,
      0.986056,
      0.987537,
      0.989093,
      0.989741,
      0.990963,
      0.991574,
      0.992944,
      0.992611,
      0.993352,
      0.993907,
      0.994148,
      0.994519
    ],
    "val_loss": [
      0.56244,
      0.550509,
      0.538352,
      0.537239,
      0.536852,
      0.532233,
      0.526745,
      0.525055,
      0.523475,
      0.524029,
      0.520059,
      0.519697,
      0.518375,
      0.518348,
      0.518171
    ],
    "val_acc": [
      0.988167,
      0.9895,
      0.992333,
      0.991833,
      0.991333,
      0.993833,
      0.993833,
      0.994667,
      0.994167,
      0.995,
      0.994833,
      0.995833,
      0.9955,
      0.996,
      0.996
    ],
    "learning_rates": [
      0.0009890738,
      0.0009567727,
      0.0009045085,
      0.0008345653,
      0.00075,
      0.0006545085,
      0.0005522642,
      0.0004477358,
      0.0003454915,
      0.00025,
      0.0001654347,
      9.54915e-05,
      4.322727e-05,
      1.09262e-05,
      0.0
    ],
    "epoch_times": [],
    "best_val_acc": 0.996,
    "best_epoch": 14,
    "total_time": 249.24877095222473
  },
  "evaluation": {
    "overall_accuracy": 99.67,
    "loss": 0.08406497802734375,
    "per_class_accuracy": {}
  }
}