{
  "config": {
    "name": "overnight__deeper_cnn_none_adamw_cosine_0p3_0p0005_0p1",
    "seed": 42,
    "data": {
      "batch_size": 128,
      "val_split": 0.1,
      "augmentation": "none",
      "num_workers": 0
    },
    "model": {
      "name": "deeper_cnn",
      "kwargs": {
        "dropout": 0.3
      }
    },
    "optimizer": {
      "name": "adamw",
      "lr": 0.001,
      "weight_decay": 0.0005,
      "momentum": 0.9,
      "nesterov": false
    },
    "scheduler": {
      "name": "cosine",
      "kwargs": {
        "t_max": 15
      }
    },
    "training": {
      "epochs": 15,
      "label_smoothing": 0.1,
      "early_stopping_patience": 0
    },
    "parameters": 585066,
    "device": "cuda (NVIDIA GeForce RTX 4060 Ti)",
    "legacy_run_id": "overnight__deeper_cnn_none_adamw_cosine_0p3_0p0005_0p1__e7ccb4ed"
  },
  "training": {
    "train_loss": [
      0.698047,
      0.57196,
      0.557969,
      0.55007,
      0.544986,
      0.540042,
      0.537638,
      0.534238,
      0.531445,
      0.529094,
      0.526844,
      0.525191,
      0.5239,
      0.522967,
      0.522718
    ],
    "train_acc": [
      0.941241,
      0.987352,
      0.991111,
      0.99287,
      0.994093,
      0.995222,
      0.995556,
      0.996204,
      0.997111,
      0.997444,
      0.998167,
      0.998463,
      0.998611,
      0.998796,
      0.999
    ],
    "val_loss": [
      0.561388,
      0.539294,
      0.540173,
      0.532981,
      0.525229,
      0.528218,
      0.52328,
      0.525909,
      0.520905,
      0.519539,
      0.521298,
      0.518504,
      0.518068,
      0.517635,
      0.517782
    ],
    "val_acc": [
      0.989667,
      0.990667,
      0.992833,
      0.992333,
      0.993333,
      0.993333,
      0.993833,
      0.9945,
      0.995,
      0.9945,
      0.9955,
      0.9955,
      0.995833,
      0.9955,
      0.995667
    ],
    "learning_rates": [
      0.0009890738,
      0.0009567727,
      0.0009045085,
      0.0008345653,
      0.00075,
      0.0006545085,
      0.0005522642,
      0.0004477358,
      0.0003454915,
      0.00025,
      0.0001654347,
      9.54915e-05,
      4.322727e-05,
      1.09262e-05,
      0.0
    ],
    "epoch_times": [],
    "best_val_acc": 0.9958333333333333,
    "best_epoch": 13,
    "total_time": 191.71740698814392
  },
  "evaluation": {
    "overall_accuracy": 99.63,
    "loss": 0.08798682250976562,
    "per_class_accuracy": {}
  }
}