{
  "config": {
    "name": "overnight__deeper_cnn_none_sgd_onecycle_0p3_0p0005_0p1",
    "seed": 42,
    "data": {
      "batch_size": 128,
      "val_split": 0.1,
      "augmentation": "none",
      "num_workers": 0
    },
    "model": {
      "name": "deeper_cnn",
      "kwargs": {
        "dropout": 0.3
      }
    },
    "optimizer": {
      "name": "sgd",
      "lr": 0.001,
      "weight_decay": 0.0005,
      "momentum": 0.9,
      "nesterov": false
    },
    "scheduler": {
      "name": "onecycle",
      "kwargs": {
        "t_max": 15
      }
    },
    "training": {
      "epochs": 15,
      "label_smoothing": 0.1,
      "early_stopping_patience": 0
    },
    "parameters": 585066,
    "device": "cuda (NVIDIA GeForce RTX 4060 Ti)",
    "legacy_run_id": "overnight__deeper_cnn_none_sgd_onecycle_0p3_0p0005_0p1__222f7a74"
  },
  "training": {
    "train_loss": [
      1.307129,
      0.689685,
      0.619559,
      0.591766,
      0.576712,
      0.567275,
      0.561731,
      0.55652,
      0.553594,
      0.550846,
      0.54812,
      0.54594,
      0.544038,
      0.542845,
      0.54231
    ],
    "train_acc": [
      0.685463,
      0.955944,
      0.976981,
      0.982944,
      0.987185,
      0.989148,
      0.989815,
      0.991278,
      0.991593,
      0.992407,
      0.993259,
      0.993796,
      0.994389,
      0.994815,
      0.995056
    ],
    "val_loss": [
      0.707859,
      0.606177,
      0.5787,
      0.560128,
      0.554883,
      0.553578,
      0.545382,
      0.544799,
      0.536328,
      0.537888,
      0.537705,
      0.533308,
      0.533817,
      0.533862,
      0.53383
    ],
    "val_acc": [
      0.9415,
      0.9765,
      0.986333,
      0.989333,
      0.990333,
      0.99,
      0.992,
      0.992,
      0.992833,
      0.992667,
      0.992667,
      0.993,
      0.9925,
      0.993,
      0.992833
    ],
    "learning_rates": [
      0.001524122,
      0.004369966,
      0.007604586,
      0.009712935,
      0.009943625,
      0.009503307,
      0.008662853,
      0.007496939,
      0.006109164,
      0.004622836,
      0.003170023,
      0.001879813,
      0.0008668467,
      0.0002211314,
      4.125671e-08
    ],
    "epoch_times": [],
    "best_val_acc": 0.993,
    "best_epoch": 12,
    "total_time": 188.79480481147766
  },
  "evaluation": {
    "overall_accuracy": 99.53999999999999,
    "loss": 0.08103707275390624,
    "per_class_accuracy": {}
  }
}