{
  "config": {
    "name": "overnight__deeper_cnn_none_sgd_onecycle_0p2_0p0_0p0",
    "seed": 42,
    "data": {
      "batch_size": 128,
      "val_split": 0.1,
      "augmentation": "none",
      "num_workers": 0
    },
    "model": {
      "name": "deeper_cnn",
      "kwargs": {
        "dropout": 0.2
      }
    },
    "optimizer": {
      "name": "sgd",
      "lr": 0.001,
      "weight_decay": 0.0,
      "momentum": 0.9,
      "nesterov": false
    },
    "scheduler": {
      "name": "onecycle",
      "kwargs": {
        "t_max": 15
      }
    },
    "training": {
      "epochs": 15,
      "label_smoothing": 0.0,
      "early_stopping_patience": 0
    },
    "parameters": 585066,
    "device": "cuda (NVIDIA GeForce RTX 4060 Ti)",
    "legacy_run_id": "overnight__deeper_cnn_none_sgd_onecycle_0p2_0p0_0p0__fef4423d"
  },
  "training": {
    "train_loss": [
      0.765121,
      0.104349,
      0.059381,
      0.0457,
      0.034556,
      0.028091,
      0.025645,
      0.021319,
      0.018357,
      0.014595,
      0.013499,
      0.011731,
      0.009358,
      0.008268,
      0.007948
    ],
    "train_acc": [
      0.778333,
      0.969019,
      0.982167,
      0.985852,
      0.989389,
      0.991389,
      0.992259,
      0.993056,
      0.994481,
      0.995519,
      0.995907,
      0.996241,
      0.997296,
      0.997704,
      0.997778
    ],
    "val_loss": [
      0.104082,
      0.046701,
      0.033914,
      0.02883,
      0.021935,
      0.023313,
      0.023487,
      0.022428,
      0.021196,
      0.021709,
      0.020835,
      0.019617,
      0.019468,
      0.018496,
      0.018751
    ],
    "val_acc": [
      0.967667,
      0.985,
      0.989667,
      0.991667,
      0.9925,
      0.991333,
      0.992667,
      0.9935,
      0.992667,
      0.994167,
      0.994167,
      0.993833,
      0.994333,
      0.994333,
      0.9945
    ],
    "learning_rates": [
      0.001524122,
      0.004369966,
      0.007604586,
      0.009712935,
      0.009943625,
      0.009503307,
      0.008662853,
      0.007496939,
      0.006109164,
      0.004622836,
      0.003170023,
      0.001879813,
      0.0008668467,
      0.0002211314,
      4.125671e-08
    ],
    "epoch_times": [],
    "best_val_acc": 0.9945,
    "best_epoch": 15,
    "total_time": 185.52902054786682
  },
  "evaluation": {
    "overall_accuracy": 99.58,
    "loss": 0.013361453247070313,
    "per_class_accuracy": {}
  }
}