{
  "config": {
    "name": "overnight__deeper_cnn_affine_erasing_adamw_cosine_0p2_0p0_0p0",
    "seed": 42,
    "data": {
      "batch_size": 128,
      "val_split": 0.1,
      "augmentation": "affine_erasing",
      "num_workers": 0
    },
    "model": {
      "name": "deeper_cnn",
      "kwargs": {
        "dropout": 0.2
      }
    },
    "optimizer": {
      "name": "adamw",
      "lr": 0.001,
      "weight_decay": 0.0,
      "momentum": 0.9,
      "nesterov": false
    },
    "scheduler": {
      "name": "cosine",
      "kwargs": {
        "t_max": 15
      }
    },
    "training": {
      "epochs": 15,
      "label_smoothing": 0.0,
      "early_stopping_patience": 0
    },
    "parameters": 585066,
    "device": "cuda (NVIDIA GeForce RTX 4060 Ti)",
    "legacy_run_id": "overnight__deeper_cnn_affine_erasing_adamw_cosine_0p2_0p0_0p0__72a403e6"
  },
  "training": {
    "train_loss": [
      0.288253,
      0.104592,
      0.083578,
      0.069264,
      0.063985,
      0.056359,
      0.050939,
      0.047479,
      0.044179,
      0.037546,
      0.037114,
      0.031855,
      0.031289,
      0.028794,
      0.029753
    ],
    "train_acc": [
      0.906296,
      0.966963,
      0.973741,
      0.977574,
      0.979667,
      0.982296,
      0.984463,
      0.984981,
      0.985963,
      0.988093,
      0.988444,
      0.990019,
      0.989796,
      0.990519,
      0.990593
    ],
    "val_loss": [
      0.045226,
      0.030655,
      0.030466,
      0.026918,
      0.030474,
      0.027268,
      0.021561,
      0.017281,
      0.016866,
      0.014256,
      0.016839,
      0.014936,
      0.01308,
      0.013288,
      0.013576
    ],
    "val_acc": [
      0.987167,
      0.99,
      0.9905,
      0.992833,
      0.989167,
      0.9925,
      0.993833,
      0.994833,
      0.995333,
      0.996333,
      0.9945,
      0.996,
      0.996333,
      0.9965,
      0.996333
    ],
    "learning_rates": [
      0.0009890738,
      0.0009567727,
      0.0009045085,
      0.0008345653,
      0.00075,
      0.0006545085,
      0.0005522642,
      0.0004477358,
      0.0003454915,
      0.00025,
      0.0001654347,
      9.54915e-05,
      4.322727e-05,
      1.09262e-05,
      0.0
    ],
    "epoch_times": [],
    "best_val_acc": 0.9965,
    "best_epoch": 14,
    "total_time": 292.3866591453552
  },
  "evaluation": {
    "overall_accuracy": 99.66000000000001,
    "loss": 0.010543281555175782,
    "per_class_accuracy": {}
  }
}