{
  "config": {
    "name": "overnight__mlp_none_sgd_onecycle_0p2_0p0_0p0",
    "seed": 42,
    "data": {
      "batch_size": 128,
      "val_split": 0.1,
      "augmentation": "none",
      "num_workers": 0
    },
    "model": {
      "name": "mlp",
      "kwargs": {
        "dropout": 0.2
      }
    },
    "optimizer": {
      "name": "sgd",
      "lr": 0.001,
      "weight_decay": 0.0,
      "momentum": 0.9,
      "nesterov": false
    },
    "scheduler": {
      "name": "onecycle",
      "kwargs": {
        "t_max": 15
      }
    },
    "training": {
      "epochs": 15,
      "label_smoothing": 0.0,
      "early_stopping_patience": 0
    },
    "parameters": 235146,
    "device": "cuda (NVIDIA GeForce RTX 4060 Ti)",
    "legacy_run_id": "overnight__mlp_none_sgd_onecycle_0p2_0p0_0p0__2889ede1"
  },
  "training": {
    "train_loss": [
      1.424445,
      0.401627,
      0.261909,
      0.191807,
      0.150058,
      0.127237,
      0.107245,
      0.094503,
      0.083884,
      0.07537,
      0.066335,
      0.062573,
      0.056495,
      0.053987,
      0.052396
    ],
    "train_acc": [
      0.603981,
      0.882593,
      0.921741,
      0.942889,
      0.955204,
      0.962222,
      0.967093,
      0.972519,
      0.975204,
      0.976926,
      0.980315,
      0.98113,
      0.983389,
      0.983593,
      0.984167
    ],
    "val_loss": [
      0.480647,
      0.278036,
      0.19716,
      0.15812,
      0.124667,
      0.111219,
      0.097968,
      0.091284,
      0.085881,
      0.084509,
      0.077697,
      0.074892,
      0.073557,
      0.072637,
      0.072905
    ],
    "val_acc": [
      0.8625,
      0.913333,
      0.937667,
      0.949667,
      0.9615,
      0.966,
      0.970333,
      0.974833,
      0.975333,
      0.975167,
      0.977833,
      0.9795,
      0.979167,
      0.9795,
      0.979167
    ],
    "learning_rates": [
      0.001524122,
      0.004369966,
      0.007604586,
      0.009712935,
      0.009943625,
      0.009503307,
      0.008662853,
      0.007496939,
      0.006109164,
      0.004622836,
      0.003170023,
      0.001879813,
      0.0008668467,
      0.0002211314,
      4.125671e-08
    ],
    "epoch_times": [],
    "best_val_acc": 0.9795,
    "best_epoch": 12,
    "total_time": 205.2860987186432
  },
  "evaluation": {
    "overall_accuracy": 97.85000000000001,
    "loss": 0.06552877807617187,
    "per_class_accuracy": {}
  }
}