{
  "config": {
    "name": "overnight__mlp_none_adamw_cosine_0p3_0p0005_0p1",
    "seed": 42,
    "data": {
      "batch_size": 128,
      "val_split": 0.1,
      "augmentation": "none",
      "num_workers": 0
    },
    "model": {
      "name": "mlp",
      "kwargs": {
        "dropout": 0.3
      }
    },
    "optimizer": {
      "name": "adamw",
      "lr": 0.001,
      "weight_decay": 0.0005,
      "momentum": 0.9,
      "nesterov": false
    },
    "scheduler": {
      "name": "cosine",
      "kwargs": {
        "t_max": 15
      }
    },
    "training": {
      "epochs": 15,
      "label_smoothing": 0.1,
      "early_stopping_patience": 0
    },
    "parameters": 235146,
    "device": "cuda (NVIDIA GeForce RTX 4060 Ti)",
    "legacy_run_id": "overnight__mlp_none_adamw_cosine_0p3_0p0005_0p1__fae5131c"
  },
  "training": {
    "train_loss": [
      0.813836,
      0.667974,
      0.636024,
      0.618383,
      0.608407,
      0.600223,
      0.591285,
      0.583954,
      0.578773,
      0.572667,
      0.568104,
      0.564961,
      0.561606,
      0.560976,
      0.5594
    ],
    "train_acc": [
      0.898315,
      0.957556,
      0.968833,
      0.974352,
      0.976926,
      0.980222,
      0.982593,
      0.985519,
      0.98713,
      0.988704,
      0.989907,
      0.991148,
      0.992426,
      0.991963,
      0.992537
    ],
    "val_loss": [
      0.646856,
      0.617309,
      0.591946,
      0.588907,
      0.575529,
      0.569514,
      0.564184,
      0.565004,
      0.559439,
      0.557159,
      0.5554,
      0.554365,
      0.55249,
      0.552293,
      0.552138
    ],
    "val_acc": [
      0.9555,
      0.963,
      0.973833,
      0.973,
      0.976,
      0.98,
      0.980167,
      0.981,
      0.981333,
      0.982667,
      0.983667,
      0.984,
      0.984667,
      0.984167,
      0.984333
    ],
    "learning_rates": [
      0.0009890738,
      0.0009567727,
      0.0009045085,
      0.0008345653,
      0.00075,
      0.0006545085,
      0.0005522642,
      0.0004477358,
      0.0003454915,
      0.00025,
      0.0001654347,
      9.54915e-05,
      4.322727e-05,
      1.09262e-05,
      0.0
    ],
    "epoch_times": [],
    "best_val_acc": 0.9846666666666667,
    "best_epoch": 13,
    "total_time": 219.72932720184326
  },
  "evaluation": {
    "overall_accuracy": 98.27,
    "loss": 0.14600220947265624,
    "per_class_accuracy": {}
  }
}