{
  "config": {
    "name": "overnight__mlp_affine_sgd_onecycle_0p3_0p0005_0p1",
    "seed": 42,
    "data": {
      "batch_size": 128,
      "val_split": 0.1,
      "augmentation": "affine",
      "num_workers": 0
    },
    "model": {
      "name": "mlp",
      "kwargs": {
        "dropout": 0.3
      }
    },
    "optimizer": {
      "name": "sgd",
      "lr": 0.001,
      "weight_decay": 0.0005,
      "momentum": 0.9,
      "nesterov": false
    },
    "scheduler": {
      "name": "onecycle",
      "kwargs": {
        "t_max": 15
      }
    },
    "training": {
      "epochs": 15,
      "label_smoothing": 0.1,
      "early_stopping_patience": 0
    },
    "parameters": 235146,
    "device": "cuda (NVIDIA GeForce RTX 4060 Ti)",
    "legacy_run_id": "overnight__mlp_affine_sgd_onecycle_0p3_0p0005_0p1__86b3346b"
  },
  "training": {
    "train_loss": [
      2.070471,
      1.372125,
      1.056593,
      0.921106,
      0.856908,
      0.82158,
      0.79769,
      0.778273,
      0.762506,
      0.753837,
      0.743432,
      0.736665,
      0.733251,
      0.728796,
      0.724823
    ],
    "train_acc": [
      0.315833,
      0.641519,
      0.799019,
      0.861222,
      0.887537,
      0.902704,
      0.912667,
      0.920352,
      0.925278,
      0.927444,
      0.930148,
      0.933889,
      0.934833,
      0.936389,
      0.937833
    ],
    "val_loss": [
      1.240152,
      0.883279,
      0.759118,
      0.705435,
      0.674571,
      0.656443,
      0.639386,
      0.631508,
      0.626078,
      0.6188,
      0.6131,
      0.608533,
      0.606428,
      0.604976,
      0.604984
    ],
    "val_acc": [
      0.747,
      0.886,
      0.929667,
      0.9505,
      0.956,
      0.960833,
      0.963667,
      0.965333,
      0.967167,
      0.969667,
      0.97,
      0.972333,
      0.972667,
      0.973333,
      0.973333
    ],
    "learning_rates": [
      0.001524122,
      0.004369966,
      0.007604586,
      0.009712935,
      0.009943625,
      0.009503307,
      0.008662853,
      0.007496939,
      0.006109164,
      0.004622836,
      0.003170023,
      0.001879813,
      0.0008668467,
      0.0002211314,
      4.125671e-08
    ],
    "epoch_times": [],
    "best_val_acc": 0.9733333333333334,
    "best_epoch": 14,
    "total_time": 223.3542582988739
  },
  "evaluation": {
    "overall_accuracy": 97.64,
    "loss": 0.17486376953125,
    "per_class_accuracy": {}
  }
}