{
  "config": {
    "name": "overnight__mlp_affine_erasing_adamw_cosine_0p2_0p0_0p0",
    "seed": 42,
    "data": {
      "batch_size": 128,
      "val_split": 0.1,
      "augmentation": "affine_erasing",
      "num_workers": 0
    },
    "model": {
      "name": "mlp",
      "kwargs": {
        "dropout": 0.2
      }
    },
    "optimizer": {
      "name": "adamw",
      "lr": 0.001,
      "weight_decay": 0.0,
      "momentum": 0.9,
      "nesterov": false
    },
    "scheduler": {
      "name": "cosine",
      "kwargs": {
        "t_max": 15
      }
    },
    "training": {
      "epochs": 15,
      "label_smoothing": 0.0,
      "early_stopping_patience": 0
    },
    "parameters": 235146,
    "device": "cuda (NVIDIA GeForce RTX 4060 Ti)",
    "legacy_run_id": "overnight__mlp_affine_erasing_adamw_cosine_0p2_0p0_0p0__f76f3de3"
  },
  "training": {
    "train_loss": [
      0.705413,
      0.3576,
      0.295591,
      0.266366,
      0.244693,
      0.230463,
      0.214589,
      0.201322,
      0.191324,
      0.187957,
      0.176579,
      0.171253,
      0.168232,
      0.163482,
      0.163293
    ],
    "train_acc": [
      0.771148,
      0.886889,
      0.907167,
      0.916315,
      0.923944,
      0.927333,
      0.931944,
      0.93663,
      0.939074,
      0.941704,
      0.944463,
      0.945537,
      0.946833,
      0.94737,
      0.948352
    ],
    "val_loss": [
      0.207394,
      0.133441,
      0.110302,
      0.102101,
      0.089369,
      0.081812,
      0.072934,
      0.066738,
      0.063249,
      0.05862,
      0.059757,
      0.055556,
      0.053864,
      0.053683,
      0.052872
    ],
    "val_acc": [
      0.937667,
      0.959167,
      0.964833,
      0.967667,
      0.972167,
      0.972833,
      0.978167,
      0.978833,
      0.980333,
      0.983167,
      0.982333,
      0.9835,
      0.984167,
      0.983333,
      0.9835
    ],
    "learning_rates": [
      0.0009890738,
      0.0009567727,
      0.0009045085,
      0.0008345653,
      0.00075,
      0.0006545085,
      0.0005522642,
      0.0004477358,
      0.0003454915,
      0.00025,
      0.0001654347,
      9.54915e-05,
      4.322727e-05,
      1.09262e-05,
      0.0
    ],
    "epoch_times": [],
    "best_val_acc": 0.9841666666666666,
    "best_epoch": 13,
    "total_time": 265.70946431159973
  },
  "evaluation": {
    "overall_accuracy": 98.58,
    "loss": 0.04420049438476562,
    "per_class_accuracy": {}
  }
}