{
  "config": {
    "name": "overnight__mlp_affine_adamw_cosine_0p2_0p0_0p0",
    "seed": 42,
    "data": {
      "batch_size": 128,
      "val_split": 0.1,
      "augmentation": "affine",
      "num_workers": 0
    },
    "model": {
      "name": "mlp",
      "kwargs": {
        "dropout": 0.2
      }
    },
    "optimizer": {
      "name": "adamw",
      "lr": 0.001,
      "weight_decay": 0.0,
      "momentum": 0.9,
      "nesterov": false
    },
    "scheduler": {
      "name": "cosine",
      "kwargs": {
        "t_max": 15
      }
    },
    "training": {
      "epochs": 15,
      "label_smoothing": 0.0,
      "early_stopping_patience": 0
    },
    "parameters": 235146,
    "device": "cuda (NVIDIA GeForce RTX 4060 Ti)",
    "legacy_run_id": "overnight__mlp_affine_adamw_cosine_0p2_0p0_0p0__0adfd07e"
  },
  "training": {
    "train_loss": [
      0.650144,
      0.29777,
      0.243667,
      0.211877,
      0.183684,
      0.175684,
      0.162353,
      0.152144,
      0.142051,
      0.135807,
      0.128482,
      0.126491,
      0.120279,
      0.117041,
      0.114038
    ],
    "train_acc": [
      0.791926,
      0.909278,
      0.92613,
      0.935204,
      0.942519,
      0.946926,
      0.950204,
      0.952889,
      0.955056,
      0.957667,
      0.960852,
      0.960278,
      0.962907,
      0.964204,
      0.964778
    ],
    "val_loss": [
      0.189329,
      0.134427,
      0.107079,
      0.090122,
      0.085692,
      0.073848,
      0.07031,
      0.060196,
      0.059847,
      0.059338,
      0.052766,
      0.051055,
      0.049182,
      0.049631,
      0.049174
    ],
    "val_acc": [
      0.945333,
      0.9595,
      0.966333,
      0.9725,
      0.9745,
      0.9765,
      0.978833,
      0.982,
      0.981833,
      0.9815,
      0.984167,
      0.984667,
      0.984167,
      0.984,
      0.984
    ],
    "learning_rates": [
      0.0009890738,
      0.0009567727,
      0.0009045085,
      0.0008345653,
      0.00075,
      0.0006545085,
      0.0005522642,
      0.0004477358,
      0.0003454915,
      0.00025,
      0.0001654347,
      9.54915e-05,
      4.322727e-05,
      1.09262e-05,
      0.0
    ],
    "epoch_times": [],
    "best_val_acc": 0.9846666666666667,
    "best_epoch": 12,
    "total_time": 242.91437315940857
  },
  "evaluation": {
    "overall_accuracy": 98.44000000000001,
    "loss": 0.04736432800292969,
    "per_class_accuracy": {}
  }
}