{
  "config": {
    "name": "overnight__mlp_affine_sgd_onecycle_0p2_0p0_0p0",
    "seed": 42,
    "data": {
      "batch_size": 128,
      "val_split": 0.1,
      "augmentation": "affine",
      "num_workers": 0
    },
    "model": {
      "name": "mlp",
      "kwargs": {
        "dropout": 0.2
      }
    },
    "optimizer": {
      "name": "sgd",
      "lr": 0.001,
      "weight_decay": 0.0,
      "momentum": 0.9,
      "nesterov": false
    },
    "scheduler": {
      "name": "onecycle",
      "kwargs": {
        "t_max": 15
      }
    },
    "training": {
      "epochs": 15,
      "label_smoothing": 0.0,
      "early_stopping_patience": 0
    },
    "parameters": 235146,
    "device": "cuda (NVIDIA GeForce RTX 4060 Ti)",
    "legacy_run_id": "overnight__mlp_affine_sgd_onecycle_0p2_0p0_0p0__c2ef9360"
  },
  "training": {
    "train_loss": [
      1.949574,
      0.977847,
      0.53892,
      0.373645,
      0.304243,
      0.26784,
      0.244509,
      0.22027,
      0.20541,
      0.197698,
      0.183481,
      0.178391,
      0.172893,
      0.165499,
      0.162327
    ],
    "train_acc": [
      0.352833,
      0.684389,
      0.836241,
      0.887389,
      0.907537,
      0.919167,
      0.925685,
      0.934333,
      0.936907,
      0.940185,
      0.944056,
      0.946093,
      0.947944,
      0.949444,
      0.949815
    ],
    "val_loss": [
      0.847488,
      0.388776,
      0.224274,
      0.166684,
      0.143155,
      0.119645,
      0.10648,
      0.093744,
      0.091202,
      0.083704,
      0.082892,
      0.075691,
      0.072536,
      0.071158,
      0.070833
    ],
    "val_acc": [
      0.761667,
      0.896833,
      0.938,
      0.952833,
      0.958667,
      0.965833,
      0.965333,
      0.971667,
      0.970333,
      0.973833,
      0.973333,
      0.9755,
      0.977667,
      0.977667,
      0.977833
    ],
    "learning_rates": [
      0.001524122,
      0.004369966,
      0.007604586,
      0.009712935,
      0.009943625,
      0.009503307,
      0.008662853,
      0.007496939,
      0.006109164,
      0.004622836,
      0.003170023,
      0.001879813,
      0.0008668467,
      0.0002211314,
      4.125671e-08
    ],
    "epoch_times": [],
    "best_val_acc": 0.9778333333333333,
    "best_epoch": 15,
    "total_time": 218.7948317527771
  },
  "evaluation": {
    "overall_accuracy": 98.22,
    "loss": 0.060470770263671876,
    "per_class_accuracy": {}
  }
}