{
  "config": {
    "name": "overnight__mlp_none_adamw_cosine_0p2_0p0_0p0",
    "seed": 42,
    "data": {
      "batch_size": 128,
      "val_split": 0.1,
      "augmentation": "none",
      "num_workers": 0
    },
    "model": {
      "name": "mlp",
      "kwargs": {
        "dropout": 0.2
      }
    },
    "optimizer": {
      "name": "adamw",
      "lr": 0.001,
      "weight_decay": 0.0,
      "momentum": 0.9,
      "nesterov": false
    },
    "scheduler": {
      "name": "cosine",
      "kwargs": {
        "t_max": 15
      }
    },
    "training": {
      "epochs": 15,
      "label_smoothing": 0.0,
      "early_stopping_patience": 0
    },
    "parameters": 235146,
    "device": "cuda (NVIDIA GeForce RTX 4060 Ti)",
    "legacy_run_id": "overnight__mlp_none_adamw_cosine_0p2_0p0_0p0__2a81b791"
  },
  "training": {
    "train_loss": [
      0.324833,
      0.141681,
      0.102639,
      0.082522,
      0.064965,
      0.054533,
      0.04653,
      0.039062,
      0.031339,
      0.026084,
      0.021668,
      0.017982,
      0.016188,
      0.014287,
      0.01388
    ],
    "train_acc": [
      0.90113,
      0.957556,
      0.968833,
      0.975204,
      0.979111,
      0.982852,
      0.985037,
      0.987519,
      0.989907,
      0.991815,
      0.993426,
      0.99413,
      0.995148,
      0.995741,
      0.995833
    ],
    "val_loss": [
      0.153382,
      0.111327,
      0.094756,
      0.080697,
      0.084921,
      0.07519,
      0.070789,
      0.070811,
      0.067574,
      0.070262,
      0.065921,
      0.065198,
      0.062806,
      0.063061,
      0.062525
    ],
    "val_acc": [
      0.952667,
      0.965,
      0.970667,
      0.974333,
      0.974833,
      0.977333,
      0.976667,
      0.979667,
      0.980333,
      0.980833,
      0.982167,
      0.982667,
      0.982333,
      0.982167,
      0.9825
    ],
    "learning_rates": [
      0.0009890738,
      0.0009567727,
      0.0009045085,
      0.0008345653,
      0.00075,
      0.0006545085,
      0.0005522642,
      0.0004477358,
      0.0003454915,
      0.00025,
      0.0001654347,
      9.54915e-05,
      4.322727e-05,
      1.09262e-05,
      0.0
    ],
    "epoch_times": [],
    "best_val_acc": 0.9826666666666667,
    "best_epoch": 12,
    "total_time": 214.8499436378479
  },
  "evaluation": {
    "overall_accuracy": 98.34,
    "loss": 0.061122064208984375,
    "per_class_accuracy": {}
  }
}