{
  "config": {
    "name": "overnight__mlp_none_sgd_onecycle_0p3_0p0005_0p1",
    "seed": 42,
    "data": {
      "batch_size": 128,
      "val_split": 0.1,
      "augmentation": "none",
      "num_workers": 0
    },
    "model": {
      "name": "mlp",
      "kwargs": {
        "dropout": 0.3
      }
    },
    "optimizer": {
      "name": "sgd",
      "lr": 0.001,
      "weight_decay": 0.0005,
      "momentum": 0.9,
      "nesterov": false
    },
    "scheduler": {
      "name": "onecycle",
      "kwargs": {
        "t_max": 15
      }
    },
    "training": {
      "epochs": 15,
      "label_smoothing": 0.1,
      "early_stopping_patience": 0
    },
    "parameters": 235146,
    "device": "cuda (NVIDIA GeForce RTX 4060 Ti)",
    "legacy_run_id": "overnight__mlp_none_sgd_onecycle_0p3_0p0005_0p1__415e77ed"
  },
  "training": {
    "train_loss": [
      1.689412,
      0.90921,
      0.785527,
      0.729988,
      0.697934,
      0.677596,
      0.661557,
      0.650381,
      0.641278,
      0.635028,
      0.628366,
      0.624626,
      0.619238,
      0.617847,
      0.616787
    ],
    "train_acc": [
      0.551981,
      0.867852,
      0.913926,
      0.93563,
      0.946815,
      0.955074,
      0.961463,
      0.965259,
      0.969204,
      0.970537,
      0.972833,
      0.973519,
      0.976148,
      0.975926,
      0.977037
    ],
    "val_loss": [
      0.95139,
      0.772056,
      0.703226,
      0.668303,
      0.642023,
      0.628283,
      0.61717,
      0.608782,
      0.602965,
      0.598421,
      0.59487,
      0.592176,
      0.58982,
      0.588895,
      0.588879
    ],
    "val_acc": [
      0.857333,
      0.9085,
      0.934667,
      0.9455,
      0.956833,
      0.963167,
      0.965333,
      0.968,
      0.971,
      0.972167,
      0.973333,
      0.973167,
      0.974167,
      0.974167,
      0.974167
    ],
    "learning_rates": [
      0.001524122,
      0.004369966,
      0.007604586,
      0.009712935,
      0.009943625,
      0.009503307,
      0.008662853,
      0.007496939,
      0.006109164,
      0.004622836,
      0.003170023,
      0.001879813,
      0.0008668467,
      0.0002211314,
      4.125671e-08
    ],
    "epoch_times": [],
    "best_val_acc": 0.9741666666666666,
    "best_epoch": 13,
    "total_time": 213.41107439994812
  },
  "evaluation": {
    "overall_accuracy": 97.56,
    "loss": 0.16758193359375,
    "per_class_accuracy": {}
  }
}