{
  "config": {
    "name": "overnight__mlp_affine_adamw_cosine_0p3_0p0005_0p1",
    "seed": 42,
    "data": {
      "batch_size": 128,
      "val_split": 0.1,
      "augmentation": "affine",
      "num_workers": 0
    },
    "model": {
      "name": "mlp",
      "kwargs": {
        "dropout": 0.3
      }
    },
    "optimizer": {
      "name": "adamw",
      "lr": 0.001,
      "weight_decay": 0.0005,
      "momentum": 0.9,
      "nesterov": false
    },
    "scheduler": {
      "name": "cosine",
      "kwargs": {
        "t_max": 15
      }
    },
    "training": {
      "epochs": 15,
      "label_smoothing": 0.1,
      "early_stopping_patience": 0
    },
    "parameters": 235146,
    "device": "cuda (NVIDIA GeForce RTX 4060 Ti)",
    "legacy_run_id": "overnight__mlp_affine_adamw_cosine_0p3_0p0005_0p1__a770c7a4"
  },
  "training": {
    "train_loss": [
      1.083995,
      0.819171,
      0.772453,
      0.747412,
      0.729642,
      0.718893,
      0.708161,
      0.697152,
      0.691615,
      0.684283,
      0.678697,
      0.674897,
      0.670844,
      0.668038,
      0.664425
    ],
    "train_acc": [
      0.779704,
      0.901741,
      0.918352,
      0.927815,
      0.934,
      0.937926,
      0.941926,
      0.946907,
      0.946778,
      0.949704,
      0.951611,
      0.952556,
      0.95363,
      0.955185,
      0.957907
    ],
    "val_loss": [
      0.694739,
      0.647043,
      0.618434,
      0.611791,
      0.599489,
      0.595411,
      0.591204,
      0.584191,
      0.580803,
      0.580915,
      0.574559,
      0.573815,
      0.570756,
      0.569988,
      0.569739
    ],
    "val_acc": [
      0.946167,
      0.960167,
      0.966,
      0.969833,
      0.9715,
      0.975,
      0.974167,
      0.975833,
      0.975667,
      0.976167,
      0.978333,
      0.9785,
      0.979833,
      0.979333,
      0.9795
    ],
    "learning_rates": [
      0.0009890738,
      0.0009567727,
      0.0009045085,
      0.0008345653,
      0.00075,
      0.0006545085,
      0.0005522642,
      0.0004477358,
      0.0003454915,
      0.00025,
      0.0001654347,
      9.54915e-05,
      4.322727e-05,
      1.09262e-05,
      0.0
    ],
    "epoch_times": [],
    "best_val_acc": 0.9798333333333333,
    "best_epoch": 13,
    "total_time": 223.4460744857788
  },
  "evaluation": {
    "overall_accuracy": 98.11999999999999,
    "loss": 0.14306455078125,
    "per_class_accuracy": {}
  }
}