{
  "config": {
    "name": "overnight__mlp_affine_erasing_sgd_onecycle_0p3_0p0005_0p1",
    "seed": 42,
    "data": {
      "batch_size": 128,
      "val_split": 0.1,
      "augmentation": "affine_erasing",
      "num_workers": 0
    },
    "model": {
      "name": "mlp",
      "kwargs": {
        "dropout": 0.3
      }
    },
    "optimizer": {
      "name": "sgd",
      "lr": 0.001,
      "weight_decay": 0.0005,
      "momentum": 0.9,
      "nesterov": false
    },
    "scheduler": {
      "name": "onecycle",
      "kwargs": {
        "t_max": 15
      }
    },
    "training": {
      "epochs": 15,
      "label_smoothing": 0.1,
      "early_stopping_patience": 0
    },
    "parameters": 235146,
    "device": "cuda (NVIDIA GeForce RTX 4060 Ti)",
    "legacy_run_id": "overnight__mlp_affine_erasing_sgd_onecycle_0p3_0p0005_0p1__c48851d0"
  },
  "training": {
    "train_loss": [
      2.096848,
      1.42573,
      1.113891,
      0.974048,
      0.910165,
      0.870734,
      0.843502,
      0.821911,
      0.80961,
      0.796267,
      0.786831,
      0.778674,
      0.773839,
      0.771765,
      0.769458
    ],
    "train_acc": [
      0.2985,
      0.618148,
      0.771333,
      0.835241,
      0.864019,
      0.877426,
      0.889574,
      0.899074,
      0.903278,
      0.907722,
      0.910907,
      0.914907,
      0.914833,
      0.917556,
      0.918722
    ],
    "val_loss": [
      1.252497,
      0.901486,
      0.767373,
      0.711936,
      0.681774,
      0.660703,
      0.648896,
      0.637065,
      0.630937,
      0.622359,
      0.618274,
      0.613545,
      0.611494,
      0.609468,
      0.609311
    ],
    "val_acc": [
      0.7475,
      0.872333,
      0.927,
      0.947,
      0.9575,
      0.959167,
      0.962333,
      0.964,
      0.9665,
      0.968167,
      0.970333,
      0.97,
      0.970167,
      0.971333,
      0.971167
    ],
    "learning_rates": [
      0.001524122,
      0.004369966,
      0.007604586,
      0.009712935,
      0.009943625,
      0.009503307,
      0.008662853,
      0.007496939,
      0.006109164,
      0.004622836,
      0.003170023,
      0.001879813,
      0.0008668467,
      0.0002211314,
      4.125671e-08
    ],
    "epoch_times": [],
    "best_val_acc": 0.9713333333333334,
    "best_epoch": 14,
    "total_time": 267.46618938446045
  },
  "evaluation": {
    "overall_accuracy": 97.8,
    "loss": 0.16980225830078124,
    "per_class_accuracy": {}
  }
}