{
  "config": {
    "name": "overnight__mlp_affine_erasing_sgd_onecycle_0p2_0p0_0p0",
    "seed": 42,
    "data": {
      "batch_size": 128,
      "val_split": 0.1,
      "augmentation": "affine_erasing",
      "num_workers": 0
    },
    "model": {
      "name": "mlp",
      "kwargs": {
        "dropout": 0.2
      }
    },
    "optimizer": {
      "name": "sgd",
      "lr": 0.001,
      "weight_decay": 0.0,
      "momentum": 0.9,
      "nesterov": false
    },
    "scheduler": {
      "name": "onecycle",
      "kwargs": {
        "t_max": 15
      }
    },
    "training": {
      "epochs": 15,
      "label_smoothing": 0.0,
      "early_stopping_patience": 0
    },
    "parameters": 235146,
    "device": "cuda (NVIDIA GeForce RTX 4060 Ti)",
    "legacy_run_id": "overnight__mlp_affine_erasing_sgd_onecycle_0p2_0p0_0p0__6cf231c9"
  },
  "training": {
    "train_loss": [
      1.985739,
      1.052539,
      0.615637,
      0.442651,
      0.368229,
      0.328074,
      0.298116,
      0.276614,
      0.262911,
      0.247623,
      0.236459,
      0.226378,
      0.225123,
      0.215797,
      0.217
    ],
    "train_acc": [
      0.33613,
      0.658093,
      0.809185,
      0.863111,
      0.8875,
      0.897167,
      0.90763,
      0.9155,
      0.917981,
      0.923019,
      0.92687,
      0.930111,
      0.930111,
      0.933204,
      0.933444
    ],
    "val_loss": [
      0.852122,
      0.411574,
      0.233555,
      0.169283,
      0.145253,
      0.125078,
      0.110321,
      0.099986,
      0.097092,
      0.087316,
      0.081868,
      0.075639,
      0.074869,
      0.073051,
      0.073036
    ],
    "val_acc": [
      0.765333,
      0.886167,
      0.934667,
      0.952,
      0.958333,
      0.960667,
      0.966333,
      0.969167,
      0.971333,
      0.9735,
      0.9755,
      0.977,
      0.976667,
      0.978667,
      0.978333
    ],
    "learning_rates": [
      0.001524122,
      0.004369966,
      0.007604586,
      0.009712935,
      0.009943625,
      0.009503307,
      0.008662853,
      0.007496939,
      0.006109164,
      0.004622836,
      0.003170023,
      0.001879813,
      0.0008668467,
      0.0002211314,
      4.125671e-08
    ],
    "epoch_times": [],
    "best_val_acc": 0.9786666666666667,
    "best_epoch": 14,
    "total_time": 263.9042823314667
  },
  "evaluation": {
    "overall_accuracy": 98.21,
    "loss": 0.06007196655273438,
    "per_class_accuracy": {}
  }
}