{
  "config": {
    "name": "overnight__mlp_affine_erasing_adamw_cosine_0p3_0p0005_0p1",
    "seed": 42,
    "data": {
      "batch_size": 128,
      "val_split": 0.1,
      "augmentation": "affine_erasing",
      "num_workers": 0
    },
    "model": {
      "name": "mlp",
      "kwargs": {
        "dropout": 0.3
      }
    },
    "optimizer": {
      "name": "adamw",
      "lr": 0.001,
      "weight_decay": 0.0005,
      "momentum": 0.9,
      "nesterov": false
    },
    "scheduler": {
      "name": "cosine",
      "kwargs": {
        "t_max": 15
      }
    },
    "training": {
      "epochs": 15,
      "label_smoothing": 0.1,
      "early_stopping_patience": 0
    },
    "parameters": 235146,
    "device": "cuda (NVIDIA GeForce RTX 4060 Ti)",
    "legacy_run_id": "overnight__mlp_affine_erasing_adamw_cosine_0p3_0p0005_0p1__a4739fd3"
  },
  "training": {
    "train_loss": [
      1.135811,
      0.876404,
      0.821286,
      0.794796,
      0.778447,
      0.765062,
      0.754485,
      0.742042,
      0.735609,
      0.729041,
      0.722837,
      0.716366,
      0.715178,
      0.71307,
      0.710567
    ],
    "train_acc": [
      0.754259,
      0.87363,
      0.897722,
      0.906556,
      0.913796,
      0.917704,
      0.923056,
      0.9285,
      0.928556,
      0.931444,
      0.934093,
      0.935185,
      0.936981,
      0.936204,
      0.93813
    ],
    "val_loss": [
      0.730599,
      0.655518,
      0.623728,
      0.610495,
      0.606647,
      0.608094,
      0.596635,
      0.590943,
      0.587359,
      0.581426,
      0.580445,
      0.577977,
      0.576007,
      0.574763,
      0.574325
    ],
    "val_acc": [
      0.9335,
      0.955333,
      0.966333,
      0.9705,
      0.971167,
      0.9715,
      0.972333,
      0.974833,
      0.975333,
      0.9785,
      0.978167,
      0.9785,
      0.978167,
      0.979667,
      0.979833
    ],
    "learning_rates": [
      0.0009890738,
      0.0009567727,
      0.0009045085,
      0.0008345653,
      0.00075,
      0.0006545085,
      0.0005522642,
      0.0004477358,
      0.0003454915,
      0.00025,
      0.0001654347,
      9.54915e-05,
      4.322727e-05,
      1.09262e-05,
      0.0
    ],
    "epoch_times": [],
    "best_val_acc": 0.9798333333333333,
    "best_epoch": 15,
    "total_time": 268.48637676239014
  },
  "evaluation": {
    "overall_accuracy": 98.11999999999999,
    "loss": 0.1410662109375,
    "per_class_accuracy": {}
  }
}