{
  "config": {
    "name": "top1_resnet_small_heavy",
    "seed": 42,
    "data": {
      "batch_size": 128,
      "val_split": 0.1,
      "augmentation": "affine",
      "num_workers": 0
    },
    "model": {
      "name": "resnet_small",
      "kwargs": {
        "dropout": 0.3
      }
    },
    "optimizer": {
      "name": "adamw",
      "lr": 0.001,
      "weight_decay": 0.0005,
      "momentum": 0.9,
      "nesterov": false
    },
    "scheduler": {
      "name": "cosine",
      "kwargs": {
        "t_max": 15
      }
    },
    "training": {
      "epochs": 15,
      "label_smoothing": 0.1,
      "early_stopping_patience": 0
    },
    "parameters": 696042,
    "device": "cuda"
  },
  "training": {
    "train_loss": [
      0.67007421875,
      0.5630360966435185,
      0.5514524739583333,
      0.5440986328125,
      0.5389292896412037,
      0.5360817780671296,
      0.5326663411458333,
      0.5307524956597223,
      0.528005859375,
      0.5251000795717593,
      0.5233946759259259,
      0.5215585575810185,
      0.5200808015046297,
      0.5193827039930555,
      0.5189357277199074
    ],
    "train_acc": [
      0.9531851851851851,
      0.9868148148148148,
      0.9893888888888889,
      0.9911111111111112,
      0.9922962962962963,
      0.9929629629629629,
      0.9938333333333333,
      0.9945185185185185,
      0.9948518518518519,
      0.9961296296296296,
      0.9969629629629629,
      0.9973148148148148,
      0.9978888888888889,
      0.9980370370370371,
      0.9982962962962963
    ],
    "val_loss": [
      0.5601279296875,
      0.5466117757161458,
      0.5307315266927083,
      0.5243445231119792,
      0.5229478759765624,
      0.5240894775390625,
      0.5232698567708334,
      0.5175316569010416,
      0.5187803955078125,
      0.5123292643229167,
      0.512888671875,
      0.5123225911458333,
      0.510742919921875,
      0.5105333658854166,
      0.510084716796875
    ],
    "val_acc": [
      0.9855,
      0.9861666666666666,
      0.992,
      0.9938333333333333,
      0.9921666666666666,
      0.9931666666666666,
      0.992,
      0.9943333333333333,
      0.9941666666666666,
      0.996,
      0.9958333333333333,
      0.9956666666666667,
      0.9965,
      0.9958333333333333,
      0.996
    ],
    "learning_rates": [
      0.0009890738003669028,
      0.0009567727288213003,
      0.0009045084971874737,
      0.0008345653031794292,
      0.00075,
      0.0006545084971874737,
      0.0005522642316338268,
      0.0004477357683661734,
      0.0003454915028125264,
      0.0002500000000000001,
      0.00016543469682057103,
      9.549150281252631e-05,
      4.322727117869951e-05,
      1.0926199633097156e-05,
      0.0
    ],
    "epoch_times": [
      19.285109281539917,
      18.238536596298218,
      18.346883296966553,
      18.05251145362854,
      18.15322709083557,
      18.6186683177948,
      18.397764682769775,
      17.470354080200195,
      17.565563201904297,
      17.739891290664673,
      17.815343856811523,
      17.82910132408142,
      17.511818170547485,
      17.749763250350952,
      17.457626581192017
    ],
    "best_val_acc": 0.9965,
    "best_epoch": 13,
    "total_time": 270.29459619522095
  },
  "evaluation": {
    "overall_accuracy": 99.69,
    "per_class_accuracy": {
      "0": 100.0,
      "1": 99.91189427312776,
      "2": 99.90310077519379,
      "3": 99.9009900990099,
      "4": 99.4908350305499,
      "5": 99.43946188340807,
      "6": 99.58246346555325,
      "7": 99.31906614785993,
      "8": 99.7946611909651,
      "9": 99.50445986124876
    },
    "loss": 0.09808682005405427
  }
}