{
  "config": {
    "name": "overnight__resnet_small_affine_erasing_adamw_cosine_0p2_0p0_0p0",
    "seed": 42,
    "data": {
      "batch_size": 128,
      "val_split": 0.1,
      "augmentation": "affine_erasing",
      "num_workers": 0
    },
    "model": {
      "name": "resnet_small",
      "kwargs": {
        "dropout": 0.2
      }
    },
    "optimizer": {
      "name": "adamw",
      "lr": 0.001,
      "weight_decay": 0.0,
      "momentum": 0.9,
      "nesterov": false
    },
    "scheduler": {
      "name": "cosine",
      "kwargs": {
        "t_max": 15
      }
    },
    "training": {
      "epochs": 15,
      "label_smoothing": 0.0,
      "early_stopping_patience": 0
    },
    "parameters": 696042,
    "device": "cuda (NVIDIA GeForce RTX 4060 Ti)",
    "legacy_run_id": "overnight__resnet_small_affine_erasing_adamw_cosine_0p2_0p0_0p0__0ffd282d"
  },
  "training": {
    "train_loss": [
      0.221816,
      0.082479,
      0.06542,
      0.056648,
      0.05143,
      0.044597,
      0.040068,
      0.036686,
      0.032521,
      0.029784,
      0.02792,
      0.023682,
      0.021967,
      0.018377,
      0.019709
    ],
    "train_acc": [
      0.93787,
      0.974444,
      0.980093,
      0.982407,
      0.983278,
      0.986407,
      0.987296,
      0.988444,
      0.989833,
      0.990574,
      0.990833,
      0.992185,
      0.992981,
      0.993685,
      0.993593
    ],
    "val_loss": [
      0.107509,
      0.077504,
      0.031957,
      0.029394,
      0.032562,
      0.026715,
      0.019612,
      0.015235,
      0.016183,
      0.013438,
      0.019959,
      0.012555,
      0.010533,
      0.011191,
      0.011583
    ],
    "val_acc": [
      0.9655,
      0.975667,
      0.990667,
      0.990833,
      0.988667,
      0.9935,
      0.993,
      0.995333,
      0.9945,
      0.996,
      0.994167,
      0.996667,
      0.9965,
      0.9965,
      0.9965
    ],
    "learning_rates": [
      0.0009890738,
      0.0009567727,
      0.0009045085,
      0.0008345653,
      0.00075,
      0.0006545085,
      0.0005522642,
      0.0004477358,
      0.0003454915,
      0.00025,
      0.0001654347,
      9.54915e-05,
      4.322727e-05,
      1.09262e-05,
      0.0
    ],
    "epoch_times": [],
    "best_val_acc": 0.9966666666666667,
    "best_epoch": 12,
    "total_time": 315.9083604812622
  },
  "evaluation": {
    "overall_accuracy": 99.67,
    "loss": 0.009926443481445313,
    "per_class_accuracy": {}
  }
}