{
  "config": {
    "name": "overnight__resnet_small_none_sgd_onecycle_0p2_0p0_0p0",
    "seed": 42,
    "data": {
      "batch_size": 128,
      "val_split": 0.1,
      "augmentation": "none",
      "num_workers": 0
    },
    "model": {
      "name": "resnet_small",
      "kwargs": {
        "dropout": 0.2
      }
    },
    "optimizer": {
      "name": "sgd",
      "lr": 0.001,
      "weight_decay": 0.0,
      "momentum": 0.9,
      "nesterov": false
    },
    "scheduler": {
      "name": "onecycle",
      "kwargs": {
        "t_max": 15
      }
    },
    "training": {
      "epochs": 15,
      "label_smoothing": 0.0,
      "early_stopping_patience": 0
    },
    "parameters": 696042,
    "device": "cuda (NVIDIA GeForce RTX 4060 Ti)",
    "legacy_run_id": "overnight__resnet_small_none_sgd_onecycle_0p2_0p0_0p0__3cf21261"
  },
  "training": {
    "train_loss": [
      0.970934,
      0.094586,
      0.05261,
      0.037243,
      0.027842,
      0.020124,
      0.017681,
      0.013285,
      0.010088,
      0.006976,
      0.004615,
      0.003015,
      0.002274,
      0.001741,
      0.001665
    ],
    "train_acc": [
      0.711519,
      0.97663,
      0.985667,
      0.989426,
      0.992204,
      0.994241,
      0.995019,
      0.996074,
      0.997167,
      0.998333,
      0.999056,
      0.999463,
      0.999741,
      0.999889,
      0.999907
    ],
    "val_loss": [
      0.164453,
      0.114015,
      0.05097,
      0.052498,
      0.031249,
      0.037172,
      0.024446,
      0.032227,
      0.0222,
      0.022286,
      0.021074,
      0.016306,
      0.016405,
      0.016274,
      0.015987
    ],
    "val_acc": [
      0.957333,
      0.965667,
      0.984333,
      0.9845,
      0.990167,
      0.99,
      0.993667,
      0.990167,
      0.993333,
      0.993333,
      0.994667,
      0.995333,
      0.9955,
      0.995667,
      0.995667
    ],
    "learning_rates": [
      0.001524122,
      0.004369966,
      0.007604586,
      0.009712935,
      0.009943625,
      0.009503307,
      0.008662853,
      0.007496939,
      0.006109164,
      0.004622836,
      0.003170023,
      0.001879813,
      0.0008668467,
      0.0002211314,
      4.125671e-08
    ],
    "epoch_times": [],
    "best_val_acc": 0.9956666666666667,
    "best_epoch": 14,
    "total_time": 209.4303479194641
  },
  "evaluation": {
    "overall_accuracy": 99.55000000000001,
    "loss": 0.014702886962890625,
    "per_class_accuracy": {}
  }
}