{
  "config": {
    "name": "overnight__resnet_small_affine_sgd_onecycle_0p2_0p0_0p0",
    "seed": 42,
    "data": {
      "batch_size": 128,
      "val_split": 0.1,
      "augmentation": "affine",
      "num_workers": 0
    },
    "model": {
      "name": "resnet_small",
      "kwargs": {
        "dropout": 0.2
      }
    },
    "optimizer": {
      "name": "sgd",
      "lr": 0.001,
      "weight_decay": 0.0,
      "momentum": 0.9,
      "nesterov": false
    },
    "scheduler": {
      "name": "onecycle",
      "kwargs": {
        "t_max": 15
      }
    },
    "training": {
      "epochs": 15,
      "label_smoothing": 0.0,
      "early_stopping_patience": 0
    },
    "parameters": 696042,
    "device": "cuda (NVIDIA GeForce RTX 4060 Ti)",
    "legacy_run_id": "overnight__resnet_small_affine_sgd_onecycle_0p2_0p0_0p0__6cafea6d"
  },
  "training": {
    "train_loss": [
      1.116082,
      0.124783,
      0.069422,
      0.051846,
      0.043556,
      0.03968,
      0.031436,
      0.029623,
      0.026715,
      0.022104,
      0.020952,
      0.019411,
      0.016076,
      0.01485,
      0.013587
    ],
    "train_acc": [
      0.657056,
      0.967833,
      0.980704,
      0.985352,
      0.987259,
      0.987852,
      0.990944,
      0.991074,
      0.992074,
      0.993481,
      0.993926,
      0.994278,
      0.995204,
      0.995519,
      0.995833
    ],
    "val_loss": [
      0.270561,
      0.347946,
      0.127333,
      0.045607,
      0.101627,
      0.042029,
      0.046043,
      0.023221,
      0.027299,
      0.018634,
      0.020691,
      0.016256,
      0.015052,
      0.013898,
      0.013434
    ],
    "val_acc": [
      0.924333,
      0.9005,
      0.962333,
      0.985833,
      0.966167,
      0.9875,
      0.985667,
      0.993167,
      0.991333,
      0.994333,
      0.994,
      0.994667,
      0.9955,
      0.995667,
      0.995833
    ],
    "learning_rates": [
      0.001524122,
      0.004369966,
      0.007604586,
      0.009712935,
      0.009943625,
      0.009503307,
      0.008662853,
      0.007496939,
      0.006109164,
      0.004622836,
      0.003170023,
      0.001879813,
      0.0008668467,
      0.0002211314,
      4.125671e-08
    ],
    "epoch_times": [],
    "best_val_acc": 0.9958333333333333,
    "best_epoch": 15,
    "total_time": 265.58610701560974
  },
  "evaluation": {
    "overall_accuracy": 99.65,
    "loss": 0.010086586761474609,
    "per_class_accuracy": {}
  }
}