{
  "config": {
    "name": "overnight__resnet_small_none_adamw_cosine_0p3_0p0005_0p1",
    "seed": 42,
    "data": {
      "batch_size": 128,
      "val_split": 0.1,
      "augmentation": "none",
      "num_workers": 0
    },
    "model": {
      "name": "resnet_small",
      "kwargs": {
        "dropout": 0.3
      }
    },
    "optimizer": {
      "name": "adamw",
      "lr": 0.001,
      "weight_decay": 0.0005,
      "momentum": 0.9,
      "nesterov": false
    },
    "scheduler": {
      "name": "cosine",
      "kwargs": {
        "t_max": 15
      }
    },
    "training": {
      "epochs": 15,
      "label_smoothing": 0.1,
      "early_stopping_patience": 0
    },
    "parameters": 696042,
    "device": "cuda (NVIDIA GeForce RTX 4060 Ti)",
    "legacy_run_id": "overnight__resnet_small_none_adamw_cosine_0p3_0p0005_0p1__36370fcc"
  },
  "training": {
    "train_loss": [
      0.639506,
      0.552596,
      0.541294,
      0.535641,
      0.529536,
      0.526972,
      0.522912,
      0.520993,
      0.518294,
      0.515655,
      0.514772,
      0.513978,
      0.513658,
      0.513285,
      0.513235
    ],
    "train_acc": [
      0.963444,
      0.990722,
      0.993204,
      0.994093,
      0.9955,
      0.996,
      0.997519,
      0.997833,
      0.998741,
      0.999444,
      0.999722,
      0.999796,
      0.99987,
      0.999907,
      0.999907
    ],
    "val_loss": [
      0.557088,
      0.530853,
      0.526964,
      0.530945,
      0.523941,
      0.518906,
      0.519743,
      0.517622,
      0.513288,
      0.514857,
      0.513351,
      0.51006,
      0.509798,
      0.509972,
      0.50974
    ],
    "val_acc": [
      0.986667,
      0.991833,
      0.993167,
      0.990167,
      0.993,
      0.993667,
      0.993,
      0.994167,
      0.995333,
      0.994667,
      0.995,
      0.996667,
      0.996667,
      0.996,
      0.996167
    ],
    "learning_rates": [
      0.0009890738,
      0.0009567727,
      0.0009045085,
      0.0008345653,
      0.00075,
      0.0006545085,
      0.0005522642,
      0.0004477358,
      0.0003454915,
      0.00025,
      0.0001654347,
      9.54915e-05,
      4.322727e-05,
      1.09262e-05,
      0.0
    ],
    "epoch_times": [],
    "best_val_acc": 0.9966666666666667,
    "best_epoch": 12,
    "total_time": 216.92363929748535
  },
  "evaluation": {
    "overall_accuracy": 99.64,
    "loss": 0.101610107421875,
    "per_class_accuracy": {}
  }
}