{
  "config": {
    "name": "overnight__resnet_small_affine_adamw_cosine_0p2_0p0_0p0",
    "seed": 42,
    "data": {
      "batch_size": 128,
      "val_split": 0.1,
      "augmentation": "affine",
      "num_workers": 0
    },
    "model": {
      "name": "resnet_small",
      "kwargs": {
        "dropout": 0.2
      }
    },
    "optimizer": {
      "name": "adamw",
      "lr": 0.001,
      "weight_decay": 0.0,
      "momentum": 0.9,
      "nesterov": false
    },
    "scheduler": {
      "name": "cosine",
      "kwargs": {
        "t_max": 15
      }
    },
    "training": {
      "epochs": 15,
      "label_smoothing": 0.0,
      "early_stopping_patience": 0
    },
    "parameters": 696042,
    "device": "cuda (NVIDIA GeForce RTX 4060 Ti)",
    "legacy_run_id": "overnight__resnet_small_affine_adamw_cosine_0p2_0p0_0p0__bfd2b3ed"
  },
  "training": {
    "train_loss": [
      0.189324,
      0.060515,
      0.04774,
      0.03758,
      0.032526,
      0.031329,
      0.025849,
      0.023328,
      0.021317,
      0.016365,
      0.015406,
      0.013139,
      0.010968,
      0.010186,
      0.008919
    ],
    "train_acc": [
      0.947333,
      0.981593,
      0.985907,
      0.988519,
      0.990463,
      0.99,
      0.992315,
      0.992833,
      0.993648,
      0.995093,
      0.995463,
      0.996185,
      0.996815,
      0.996815,
      0.997407
    ],
    "val_loss": [
      0.131012,
      0.056147,
      0.026431,
      0.028691,
      0.04342,
      0.022263,
      0.031305,
      0.025877,
      0.020519,
      0.01478,
      0.01692,
      0.014612,
      0.012587,
      0.012921,
      0.012956
    ],
    "val_acc": [
      0.96,
      0.983,
      0.992667,
      0.989833,
      0.9875,
      0.991667,
      0.99,
      0.9915,
      0.994,
      0.9955,
      0.995167,
      0.995167,
      0.9965,
      0.996167,
      0.996667
    ],
    "learning_rates": [
      0.0009890738,
      0.0009567727,
      0.0009045085,
      0.0008345653,
      0.00075,
      0.0006545085,
      0.0005522642,
      0.0004477358,
      0.0003454915,
      0.00025,
      0.0001654347,
      9.54915e-05,
      4.322727e-05,
      1.09262e-05,
      0.0
    ],
    "epoch_times": [],
    "best_val_acc": 0.9966666666666667,
    "best_epoch": 15,
    "total_time": 270.96721506118774
  },
  "evaluation": {
    "overall_accuracy": 99.7,
    "loss": 0.009963324737548828,
    "per_class_accuracy": {}
  }
}