{
  "config": {
    "name": "overnight__resnet_small_affine_adamw_cosine_0p3_0p0005_0p1",
    "seed": 42,
    "data": {
      "batch_size": 128,
      "val_split": 0.1,
      "augmentation": "affine",
      "num_workers": 0
    },
    "model": {
      "name": "resnet_small",
      "kwargs": {
        "dropout": 0.3
      }
    },
    "optimizer": {
      "name": "adamw",
      "lr": 0.001,
      "weight_decay": 0.0005,
      "momentum": 0.9,
      "nesterov": false
    },
    "scheduler": {
      "name": "cosine",
      "kwargs": {
        "t_max": 15
      }
    },
    "training": {
      "epochs": 15,
      "label_smoothing": 0.1,
      "early_stopping_patience": 0
    },
    "parameters": 696042,
    "device": "cuda (NVIDIA GeForce RTX 4060 Ti)",
    "legacy_run_id": "overnight__resnet_small_affine_adamw_cosine_0p3_0p0005_0p1__1bbb55c9"
  },
  "training": {
    "train_loss": [
      0.671219,
      0.56465,
      0.553014,
      0.544281,
      0.540098,
      0.536967,
      0.533657,
      0.531062,
      0.528914,
      0.525058,
      0.523662,
      0.522357,
      0.520453,
      0.519832,
      0.519005
    ],
    "train_acc": [
      0.951907,
      0.986481,
      0.988907,
      0.991074,
      0.991889,
      0.99263,
      0.993463,
      0.994315,
      0.995037,
      0.99637,
      0.996926,
      0.997,
      0.997481,
      0.997759,
      0.99813
    ],
    "val_loss": [
      0.553432,
      0.558971,
      0.532137,
      0.52333,
      0.526998,
      0.520795,
      0.521268,
      0.515152,
      0.513046,
      0.512253,
      0.513066,
      0.51135,
      0.509985,
      0.510087,
      0.509719
    ],
    "val_acc": [
      0.987167,
      0.9815,
      0.989833,
      0.993,
      0.991833,
      0.992833,
      0.992667,
      0.995167,
      0.996667,
      0.996167,
      0.9945,
      0.996333,
      0.996833,
      0.996333,
      0.9965
    ],
    "learning_rates": [
      0.0009890738,
      0.0009567727,
      0.0009045085,
      0.0008345653,
      0.00075,
      0.0006545085,
      0.0005522642,
      0.0004477358,
      0.0003454915,
      0.00025,
      0.0001654347,
      9.54915e-05,
      4.322727e-05,
      1.09262e-05,
      0.0
    ],
    "epoch_times": [],
    "best_val_acc": 0.9968333333333333,
    "best_epoch": 13,
    "total_time": 273.6968047618866
  },
  "evaluation": {
    "overall_accuracy": 99.72,
    "loss": 0.0991609130859375,
    "per_class_accuracy": {}
  }
}