{
  "config": {
    "name": "overnight__resnet_small_affine_sgd_onecycle_0p3_0p0005_0p1",
    "seed": 42,
    "data": {
      "batch_size": 128,
      "val_split": 0.1,
      "augmentation": "affine",
      "num_workers": 0
    },
    "model": {
      "name": "resnet_small",
      "kwargs": {
        "dropout": 0.3
      }
    },
    "optimizer": {
      "name": "sgd",
      "lr": 0.001,
      "weight_decay": 0.0005,
      "momentum": 0.9,
      "nesterov": false
    },
    "scheduler": {
      "name": "onecycle",
      "kwargs": {
        "t_max": 15
      }
    },
    "training": {
      "epochs": 15,
      "label_smoothing": 0.1,
      "early_stopping_patience": 0
    },
    "parameters": 696042,
    "device": "cuda (NVIDIA GeForce RTX 4060 Ti)",
    "legacy_run_id": "overnight__resnet_small_affine_sgd_onecycle_0p3_0p0005_0p1__f309416a"
  },
  "training": {
    "train_loss": [
      1.43988,
      0.653334,
      0.596621,
      0.57487,
      0.563618,
      0.556128,
      0.550104,
      0.546036,
      0.542632,
      0.53877,
      0.537546,
      0.534902,
      0.532205,
      0.530408,
      0.529506
    ],
    "train_acc": [
      0.624704,
      0.967278,
      0.981796,
      0.986537,
      0.9885,
      0.9895,
      0.991093,
      0.991704,
      0.992444,
      0.993889,
      0.993944,
      0.9945,
      0.995241,
      0.995667,
      0.995981
    ],
    "val_loss": [
      0.738856,
      0.670546,
      0.566362,
      0.555178,
      0.685484,
      0.542783,
      0.531922,
      0.523477,
      0.531989,
      0.522101,
      0.519786,
      0.515958,
      0.514687,
      0.514149,
      0.513573
    ],
    "val_acc": [
      0.9395,
      0.949167,
      0.986167,
      0.9875,
      0.922167,
      0.990333,
      0.990667,
      0.995167,
      0.993667,
      0.994167,
      0.993833,
      0.9965,
      0.995833,
      0.996333,
      0.996167
    ],
    "learning_rates": [
      0.001524122,
      0.004369966,
      0.007604586,
      0.009712935,
      0.009943625,
      0.009503307,
      0.008662853,
      0.007496939,
      0.006109164,
      0.004622836,
      0.003170023,
      0.001879813,
      0.0008668467,
      0.0002211314,
      4.125671e-08
    ],
    "epoch_times": [],
    "best_val_acc": 0.9965,
    "best_epoch": 12,
    "total_time": 270.52312898635864
  },
  "evaluation": {
    "overall_accuracy": 99.52,
    "loss": 0.10044771728515625,
    "per_class_accuracy": {}
  }
}