{
  "config": {
    "name": "overnight__resnet_small_affine_erasing_sgd_onecycle_0p2_0p0_0p0",
    "seed": 42,
    "data": {
      "batch_size": 128,
      "val_split": 0.1,
      "augmentation": "affine_erasing",
      "num_workers": 0
    },
    "model": {
      "name": "resnet_small",
      "kwargs": {
        "dropout": 0.2
      }
    },
    "optimizer": {
      "name": "sgd",
      "lr": 0.001,
      "weight_decay": 0.0,
      "momentum": 0.9,
      "nesterov": false
    },
    "scheduler": {
      "name": "onecycle",
      "kwargs": {
        "t_max": 15
      }
    },
    "training": {
      "epochs": 15,
      "label_smoothing": 0.0,
      "early_stopping_patience": 0
    },
    "parameters": 696042,
    "device": "cuda (NVIDIA GeForce RTX 4060 Ti)",
    "legacy_run_id": "overnight__resnet_small_affine_erasing_sgd_onecycle_0p2_0p0_0p0__2196977b"
  },
  "training": {
    "train_loss": [
      1.224001,
      0.174758,
      0.098694,
      0.076534,
      0.064727,
      0.057416,
      0.048859,
      0.048226,
      0.043764,
      0.039231,
      0.036998,
      0.032998,
      0.030551,
      0.026141,
      0.026383
    ],
    "train_acc": [
      0.610704,
      0.95287,
      0.970611,
      0.976333,
      0.979889,
      0.981944,
      0.984722,
      0.985093,
      0.986333,
      0.987852,
      0.988574,
      0.989759,
      0.9905,
      0.991685,
      0.992093
    ],
    "val_loss": [
      0.276099,
      0.100874,
      0.070269,
      0.039955,
      0.05381,
      0.030051,
      0.029997,
      0.025809,
      0.018862,
      0.017669,
      0.030309,
      0.015189,
      0.013504,
      0.012898,
      0.013272
    ],
    "val_acc": [
      0.925833,
      0.9715,
      0.978167,
      0.9875,
      0.983667,
      0.9905,
      0.99,
      0.991833,
      0.994833,
      0.994333,
      0.990833,
      0.995667,
      0.995667,
      0.995833,
      0.9955
    ],
    "learning_rates": [
      0.001524122,
      0.004369966,
      0.007604586,
      0.009712935,
      0.009943625,
      0.009503307,
      0.008662853,
      0.007496939,
      0.006109164,
      0.004622836,
      0.003170023,
      0.001879813,
      0.0008668467,
      0.0002211314,
      4.125671e-08
    ],
    "epoch_times": [],
    "best_val_acc": 0.9958333333333333,
    "best_epoch": 14,
    "total_time": 312.4875793457031
  },
  "evaluation": {
    "overall_accuracy": 99.67,
    "loss": 0.010274323272705077,
    "per_class_accuracy": {}
  }
}