{
  "config": {
    "name": "overnight__resnet_small_none_adamw_cosine_0p2_0p0_0p0",
    "seed": 42,
    "data": {
      "batch_size": 128,
      "val_split": 0.1,
      "augmentation": "none",
      "num_workers": 0
    },
    "model": {
      "name": "resnet_small",
      "kwargs": {
        "dropout": 0.2
      }
    },
    "optimizer": {
      "name": "adamw",
      "lr": 0.001,
      "weight_decay": 0.0,
      "momentum": 0.9,
      "nesterov": false
    },
    "scheduler": {
      "name": "cosine",
      "kwargs": {
        "t_max": 15
      }
    },
    "training": {
      "epochs": 15,
      "label_smoothing": 0.0,
      "early_stopping_patience": 0
    },
    "parameters": 696042,
    "device": "cuda (NVIDIA GeForce RTX 4060 Ti)",
    "legacy_run_id": "overnight__resnet_small_none_adamw_cosine_0p2_0p0_0p0__00db43d5"
  },
  "training": {
    "train_loss": [
      0.15323,
      0.043808,
      0.032996,
      0.026821,
      0.019904,
      0.015672,
      0.01299,
      0.008552,
      0.006384,
      0.004095,
      0.001896,
      0.001261,
      0.000811,
      0.000592,
      0.000584
    ],
    "train_acc": [
      0.959185,
      0.987333,
      0.990241,
      0.991889,
      0.994204,
      0.995296,
      0.995944,
      0.997407,
      0.998074,
      0.99887,
      0.999759,
      0.999796,
      0.999926,
      0.999963,
      0.999963
    ],
    "val_loss": [
      0.088613,
      0.049326,
      0.050266,
      0.032268,
      0.033813,
      0.029376,
      0.019635,
      0.02111,
      0.022906,
      0.020846,
      0.021513,
      0.017238,
      0.01754,
      0.01703,
      0.016911
    ],
    "val_acc": [
      0.9745,
      0.9845,
      0.985333,
      0.991,
      0.988167,
      0.992333,
      0.995,
      0.994833,
      0.993333,
      0.9945,
      0.995833,
      0.996333,
      0.996333,
      0.996333,
      0.996333
    ],
    "learning_rates": [
      0.0009890738,
      0.0009567727,
      0.0009045085,
      0.0008345653,
      0.00075,
      0.0006545085,
      0.0005522642,
      0.0004477358,
      0.0003454915,
      0.00025,
      0.0001654347,
      9.54915e-05,
      4.322727e-05,
      1.09262e-05,
      0.0
    ],
    "epoch_times": [],
    "best_val_acc": 0.9963333333333333,
    "best_epoch": 12,
    "total_time": 213.02389907836914
  },
  "evaluation": {
    "overall_accuracy": 99.52,
    "loss": 0.014149127197265625,
    "per_class_accuracy": {}
  }
}