{
  "config": {
    "name": "top2_resnet_small_light",
    "seed": 42,
    "data": {
      "batch_size": 128,
      "val_split": 0.1,
      "augmentation": "affine",
      "num_workers": 0
    },
    "model": {
      "name": "resnet_small",
      "kwargs": {
        "dropout": 0.2
      }
    },
    "optimizer": {
      "name": "adamw",
      "lr": 0.001,
      "weight_decay": 0.0,
      "momentum": 0.9,
      "nesterov": false
    },
    "scheduler": {
      "name": "cosine",
      "kwargs": {
        "t_max": 15
      }
    },
    "training": {
      "epochs": 15,
      "label_smoothing": 0.0,
      "early_stopping_patience": 0
    },
    "parameters": 696042,
    "device": "cuda"
  },
  "training": {
    "train_loss": [
      0.1939518771701389,
      0.05477360478153935,
      0.047628766095196756,
      0.03638697645399305,
      0.032651493778935184,
      0.03162801558883102,
      0.02464703369140625,
      0.022116518373842594,
      0.020888084129050927,
      0.01605510796440972,
      0.014917983443648726,
      0.012891944037543403,
      0.010556530987774884,
      0.009640302870008681,
      0.009148046988028067
    ],
    "train_acc": [
      0.9464259259259259,
      0.9834259259259259,
      0.9854444444444445,
      0.9894074074074074,
      0.9903703703703703,
      0.9899444444444444,
      0.9925,
      0.9932592592592593,
      0.9936296296296296,
      0.9949444444444444,
      0.9957592592592592,
      0.9959629629629629,
      0.997,
      0.9970555555555556,
      0.9971666666666666
    ],
    "val_loss": [
      0.08419159444173177,
      0.07496731567382812,
      0.03133451334635417,
      0.03008326212565104,
      0.051933542887369795,
      0.027454266866048176,
      0.02767365010579427,
      0.018298136393229168,
      0.01597828801472982,
      0.016659641265869142,
      0.01431585439046224,
      0.015441830952962239,
      0.012752614339192708,
      0.012363487243652344,
      0.011984647115071615
    ],
    "val_acc": [
      0.9755,
      0.9785,
      0.9906666666666667,
      0.9905,
      0.9848333333333333,
      0.991,
      0.9905,
      0.9948333333333333,
      0.9955,
      0.9956666666666667,
      0.9953333333333333,
      0.9956666666666667,
      0.9966666666666667,
      0.9965,
      0.9966666666666667
    ],
    "learning_rates": [
      0.0009890738003669028,
      0.0009567727288213003,
      0.0009045084971874737,
      0.0008345653031794292,
      0.00075,
      0.0006545084971874737,
      0.0005522642316338268,
      0.0004477357683661734,
      0.0003454915028125264,
      0.0002500000000000001,
      0.00016543469682057103,
      9.549150281252631e-05,
      4.322727117869951e-05,
      1.0926199633097156e-05,
      0.0
    ],
    "epoch_times": [
      17.589803218841553,
      17.351417541503906,
      17.349442958831787,
      17.207813024520874,
      17.00767993927002,
      17.275216102600098,
      16.8609836101532,
      16.902283430099487,
      17.079909563064575,
      17.74029803276062,
      17.03133487701416,
      16.925929307937622,
      16.95882272720337,
      17.454061031341553,
      16.898673057556152
    ],
    "best_val_acc": 0.9966666666666667,
    "best_epoch": 13,
    "total_time": 257.67783999443054
  },
  "evaluation": {
    "overall_accuracy": 99.64,
    "per_class_accuracy": {
      "0": 100.0,
      "1": 99.82378854625551,
      "2": 99.70930232558139,
      "3": 99.9009900990099,
      "4": 99.69450101832994,
      "5": 99.2152466367713,
      "6": 99.58246346555325,
      "7": 99.5136186770428,
      "8": 99.38398357289527,
      "9": 99.50445986124876
    },
    "loss": 0.009886085171636659
  }
}