{
  "config": {
    "name": "overnight__resnet_small_affine_erasing_sgd_onecycle_0p3_0p0005_0p1",
    "seed": 42,
    "data": {
      "batch_size": 128,
      "val_split": 0.1,
      "augmentation": "affine_erasing",
      "num_workers": 0
    },
    "model": {
      "name": "resnet_small",
      "kwargs": {
        "dropout": 0.3
      }
    },
    "optimizer": {
      "name": "sgd",
      "lr": 0.001,
      "weight_decay": 0.0005,
      "momentum": 0.9,
      "nesterov": false
    },
    "scheduler": {
      "name": "onecycle",
      "kwargs": {
        "t_max": 15
      }
    },
    "training": {
      "epochs": 15,
      "label_smoothing": 0.1,
      "early_stopping_patience": 0
    },
    "parameters": 696042,
    "device": "cuda (NVIDIA GeForce RTX 4060 Ti)",
    "legacy_run_id": "overnight__resnet_small_affine_erasing_sgd_onecycle_0p3_0p0005_0p1__54f60a56"
  },
  "training": {
    "train_loss": [
      1.520203,
      0.700705,
      0.623982,
      0.598581,
      0.582183,
      0.573568,
      0.565741,
      0.561534,
      0.558208,
      0.553624,
      0.551222,
      0.547153,
      0.544071,
      0.540904,
      0.54041
    ],
    "train_acc": [
      0.5765,
      0.950741,
      0.971593,
      0.977407,
      0.9815,
      0.983907,
      0.985796,
      0.987093,
      0.986759,
      0.988722,
      0.988963,
      0.989963,
      0.990759,
      0.991519,
      0.992185
    ],
    "val_loss": [
      0.690989,
      0.597025,
      0.594752,
      0.567476,
      0.556318,
      0.562407,
      0.539863,
      0.531388,
      0.526868,
      0.520262,
      0.526303,
      0.518102,
      0.516134,
      0.514267,
      0.514037
    ],
    "val_acc": [
      0.962,
      0.979333,
      0.980167,
      0.985167,
      0.988,
      0.981667,
      0.990833,
      0.992833,
      0.994667,
      0.994,
      0.993167,
      0.994333,
      0.996,
      0.996167,
      0.996333
    ],
    "learning_rates": [
      0.001524122,
      0.004369966,
      0.007604586,
      0.009712935,
      0.009943625,
      0.009503307,
      0.008662853,
      0.007496939,
      0.006109164,
      0.004622836,
      0.003170023,
      0.001879813,
      0.0008668467,
      0.0002211314,
      4.125671e-08
    ],
    "epoch_times": [],
    "best_val_acc": 0.9963333333333333,
    "best_epoch": 15,
    "total_time": 315.10235834121704
  },
  "evaluation": {
    "overall_accuracy": 99.59,
    "loss": 0.10035618896484375,
    "per_class_accuracy": {}
  }
}