{
  "config": {
    "name": "overnight__resnet_small_affine_erasing_adamw_cosine_0p3_0p0005_0p1",
    "seed": 42,
    "data": {
      "batch_size": 128,
      "val_split": 0.1,
      "augmentation": "affine_erasing",
      "num_workers": 0
    },
    "model": {
      "name": "resnet_small",
      "kwargs": {
        "dropout": 0.3
      }
    },
    "optimizer": {
      "name": "adamw",
      "lr": 0.001,
      "weight_decay": 0.0005,
      "momentum": 0.9,
      "nesterov": false
    },
    "scheduler": {
      "name": "cosine",
      "kwargs": {
        "t_max": 15
      }
    },
    "training": {
      "epochs": 15,
      "label_smoothing": 0.1,
      "early_stopping_patience": 0
    },
    "parameters": 696042,
    "device": "cuda (NVIDIA GeForce RTX 4060 Ti)",
    "legacy_run_id": "overnight__resnet_small_affine_erasing_adamw_cosine_0p3_0p0005_0p1__05650c60"
  },
  "training": {
    "train_loss": [
      0.711218,
      0.583698,
      0.566914,
      0.558155,
      0.551903,
      0.547919,
      0.544669,
      0.541583,
      0.538639,
      0.535427,
      0.533257,
      0.530777,
      0.528616,
      0.526992,
      0.527115
    ],
    "train_acc": [
      0.935889,
      0.979741,
      0.983778,
      0.985648,
      0.986926,
      0.988537,
      0.989204,
      0.990574,
      0.99113,
      0.992296,
      0.992852,
      0.993722,
      0.994148,
      0.995037,
      0.995167
    ],
    "val_loss": [
      0.564208,
      0.573259,
      0.526432,
      0.524184,
      0.523869,
      0.517415,
      0.521198,
      0.518646,
      0.513766,
      0.513254,
      0.515018,
      0.511226,
      0.510266,
      0.509303,
      0.509232
    ],
    "val_acc": [
      0.9835,
      0.979667,
      0.9925,
      0.992167,
      0.992833,
      0.995,
      0.9935,
      0.9945,
      0.995667,
      0.995333,
      0.995,
      0.996167,
      0.9965,
      0.996667,
      0.996667
    ],
    "learning_rates": [
      0.0009890738,
      0.0009567727,
      0.0009045085,
      0.0008345653,
      0.00075,
      0.0006545085,
      0.0005522642,
      0.0004477358,
      0.0003454915,
      0.00025,
      0.0001654347,
      9.54915e-05,
      4.322727e-05,
      1.09262e-05,
      0.0
    ],
    "epoch_times": [],
    "best_val_acc": 0.9966666666666667,
    "best_epoch": 14,
    "total_time": 318.5309388637543
  },
  "evaluation": {
    "overall_accuracy": 99.66000000000001,
    "loss": 0.097874755859375,
    "per_class_accuracy": {}
  }
}