{
  "config": {
    "name": "overnight__resnet_small_none_sgd_onecycle_0p3_0p0005_0p1",
    "seed": 42,
    "data": {
      "batch_size": 128,
      "val_split": 0.1,
      "augmentation": "none",
      "num_workers": 0
    },
    "model": {
      "name": "resnet_small",
      "kwargs": {
        "dropout": 0.3
      }
    },
    "optimizer": {
      "name": "sgd",
      "lr": 0.001,
      "weight_decay": 0.0005,
      "momentum": 0.9,
      "nesterov": false
    },
    "scheduler": {
      "name": "onecycle",
      "kwargs": {
        "t_max": 15
      }
    },
    "training": {
      "epochs": 15,
      "label_smoothing": 0.1,
      "early_stopping_patience": 0
    },
    "parameters": 696042,
    "device": "cuda (NVIDIA GeForce RTX 4060 Ti)",
    "legacy_run_id": "overnight__resnet_small_none_sgd_onecycle_0p3_0p0005_0p1__ef796ea5"
  },
  "training": {
    "train_loss": [
      1.314533,
      0.63211,
      0.581286,
      0.561829,
      0.550294,
      0.543523,
      0.538489,
      0.534276,
      0.531377,
      0.528292,
      0.526048,
      0.523549,
      0.52221,
      0.521058,
      0.520638
    ],
    "train_acc": [
      0.679796,
      0.974963,
      0.986889,
      0.991056,
      0.993704,
      0.994963,
      0.996019,
      0.996796,
      0.997389,
      0.998185,
      0.998778,
      0.999259,
      0.999648,
      0.999722,
      0.999685
    ],
    "val_loss": [
      0.706624,
      0.587379,
      0.550573,
      0.546139,
      0.54864,
      0.529409,
      0.532818,
      0.526391,
      0.52294,
      0.520094,
      0.521421,
      0.516984,
      0.516437,
      0.515787,
      0.515774
    ],
    "val_acc": [
      0.944833,
      0.981167,
      0.99,
      0.989833,
      0.989667,
      0.993667,
      0.992667,
      0.994667,
      0.993333,
      0.994833,
      0.993333,
      0.995167,
      0.995667,
      0.995833,
      0.995833
    ],
    "learning_rates": [
      0.001524122,
      0.004369966,
      0.007604586,
      0.009712935,
      0.009943625,
      0.009503307,
      0.008662853,
      0.007496939,
      0.006109164,
      0.004622836,
      0.003170023,
      0.001879813,
      0.0008668467,
      0.0002211314,
      4.125671e-08
    ],
    "epoch_times": [],
    "best_val_acc": 0.9958333333333333,
    "best_epoch": 14,
    "total_time": 212.83750748634338
  },
  "evaluation": {
    "overall_accuracy": 99.62,
    "loss": 0.1027009033203125,
    "per_class_accuracy": {}
  }
}