{
  "config": {
    "name": "overnight__simple_cnn_affine_sgd_onecycle_0p3_0p0005_0p1",
    "seed": 42,
    "data": {
      "batch_size": 128,
      "val_split": 0.1,
      "augmentation": "affine",
      "num_workers": 0
    },
    "model": {
      "name": "simple_cnn",
      "kwargs": {
        "dropout": 0.3
      }
    },
    "optimizer": {
      "name": "sgd",
      "lr": 0.001,
      "weight_decay": 0.0005,
      "momentum": 0.9,
      "nesterov": false
    },
    "scheduler": {
      "name": "onecycle",
      "kwargs": {
        "t_max": 15
      }
    },
    "training": {
      "epochs": 15,
      "label_smoothing": 0.1,
      "early_stopping_patience": 0
    },
    "parameters": 421642,
    "device": "cuda (NVIDIA GeForce RTX 4060 Ti)",
    "legacy_run_id": "overnight__simple_cnn_affine_sgd_onecycle_0p3_0p0005_0p1__64e79f84"
  },
  "training": {
    "train_loss": [
      1.748975,
      0.920442,
      0.751727,
      0.701416,
      0.674361,
      0.658147,
      0.647118,
      0.637915,
      0.63077,
      0.625806,
      0.618716,
      0.617947,
      0.613275,
      0.610973,
      0.609316
    ],
    "train_acc": [
      0.494074,
      0.859981,
      0.934593,
      0.952704,
      0.962574,
      0.9685,
      0.97137,
      0.974296,
      0.976037,
      0.977537,
      0.979296,
      0.979463,
      0.9805,
      0.981278,
      0.981852
    ],
    "val_loss": [
      0.887851,
      0.668414,
      0.61885,
      0.606104,
      0.595092,
      0.582595,
      0.579365,
      0.570906,
      0.571489,
      0.566292,
      0.564225,
      0.556839,
      0.55872,
      0.556191,
      0.556173
    ],
    "val_acc": [
      0.883333,
      0.966333,
      0.979333,
      0.981,
      0.983667,
      0.984833,
      0.985833,
      0.988167,
      0.9875,
      0.988,
      0.989167,
      0.990833,
      0.989667,
      0.9895,
      0.99
    ],
    "learning_rates": [
      0.001524122,
      0.004369966,
      0.007604586,
      0.009712935,
      0.009943625,
      0.009503307,
      0.008662853,
      0.007496939,
      0.006109164,
      0.004622836,
      0.003170023,
      0.001879813,
      0.0008668467,
      0.0002211314,
      4.125671e-08
    ],
    "epoch_times": [],
    "best_val_acc": 0.9908333333333333,
    "best_epoch": 12,
    "total_time": 225.87953329086304
  },
  "evaluation": {
    "overall_accuracy": 99.22999999999999,
    "loss": 0.124378173828125,
    "per_class_accuracy": {}
  }
}