{
  "config": {
    "name": "overnight__simple_cnn_affine_adamw_cosine_0p2_0p0_0p0",
    "seed": 42,
    "data": {
      "batch_size": 128,
      "val_split": 0.1,
      "augmentation": "affine",
      "num_workers": 0
    },
    "model": {
      "name": "simple_cnn",
      "kwargs": {
        "dropout": 0.2
      }
    },
    "optimizer": {
      "name": "adamw",
      "lr": 0.001,
      "weight_decay": 0.0,
      "momentum": 0.9,
      "nesterov": false
    },
    "scheduler": {
      "name": "cosine",
      "kwargs": {
        "t_max": 15
      }
    },
    "training": {
      "epochs": 15,
      "label_smoothing": 0.0,
      "early_stopping_patience": 0
    },
    "parameters": 421642,
    "device": "cuda (NVIDIA GeForce RTX 4060 Ti)",
    "legacy_run_id": "overnight__simple_cnn_affine_adamw_cosine_0p2_0p0_0p0__8afd11e6"
  },
  "training": {
    "train_loss": [
      0.382389,
      0.13579,
      0.100545,
      0.084646,
      0.072807,
      0.065584,
      0.059465,
      0.054571,
      0.047463,
      0.045548,
      0.041946,
      0.041808,
      0.037791,
      0.036748,
      0.033451
    ],
    "train_acc": [
      0.878889,
      0.958056,
      0.969093,
      0.974222,
      0.978056,
      0.980481,
      0.981481,
      0.983111,
      0.985352,
      0.985907,
      0.987185,
      0.987648,
      0.988259,
      0.988741,
      0.989741
    ],
    "val_loss": [
      0.074467,
      0.049309,
      0.040551,
      0.03538,
      0.037121,
      0.029078,
      0.036546,
      0.02501,
      0.027652,
      0.025758,
      0.024015,
      0.024326,
      0.023668,
      0.023488,
      0.023557
    ],
    "val_acc": [
      0.9775,
      0.986333,
      0.988167,
      0.989333,
      0.9895,
      0.992167,
      0.989333,
      0.992833,
      0.992,
      0.993333,
      0.993,
      0.9935,
      0.9935,
      0.993167,
      0.993167
    ],
    "learning_rates": [
      0.0009890738,
      0.0009567727,
      0.0009045085,
      0.0008345653,
      0.00075,
      0.0006545085,
      0.0005522642,
      0.0004477358,
      0.0003454915,
      0.00025,
      0.0001654347,
      9.54915e-05,
      4.322727e-05,
      1.09262e-05,
      0.0
    ],
    "epoch_times": [],
    "best_val_acc": 0.9935,
    "best_epoch": 12,
    "total_time": 224.66292786598206
  },
  "evaluation": {
    "overall_accuracy": 99.37,
    "loss": 0.018774378967285156,
    "per_class_accuracy": {}
  }
}