{
  "config": {
    "name": "overnight__simple_cnn_none_adamw_cosine_0p3_0p0005_0p1",
    "seed": 42,
    "data": {
      "batch_size": 128,
      "val_split": 0.1,
      "augmentation": "none",
      "num_workers": 0
    },
    "model": {
      "name": "simple_cnn",
      "kwargs": {
        "dropout": 0.3
      }
    },
    "optimizer": {
      "name": "adamw",
      "lr": 0.001,
      "weight_decay": 0.0005,
      "momentum": 0.9,
      "nesterov": false
    },
    "scheduler": {
      "name": "cosine",
      "kwargs": {
        "t_max": 15
      }
    },
    "training": {
      "epochs": 15,
      "label_smoothing": 0.1,
      "early_stopping_patience": 0
    },
    "parameters": 421642,
    "device": "cuda (NVIDIA GeForce RTX 4060 Ti)",
    "legacy_run_id": "overnight__simple_cnn_none_adamw_cosine_0p3_0p0005_0p1__5ab912f5"
  },
  "training": {
    "train_loss": [
      0.721024,
      0.599699,
      0.581945,
      0.572709,
      0.566492,
      0.560933,
      0.557257,
      0.554208,
      0.551143,
      0.548837,
      0.546978,
      0.545582,
      0.544426,
      0.5434,
      0.543054
    ],
    "train_acc": [
      0.941315,
      0.985148,
      0.990222,
      0.992407,
      0.993759,
      0.995093,
      0.996074,
      0.996444,
      0.997056,
      0.997759,
      0.998259,
      0.998352,
      0.998426,
      0.998667,
      0.998833
    ],
    "val_loss": [
      0.578978,
      0.558562,
      0.550787,
      0.547156,
      0.541436,
      0.544838,
      0.539049,
      0.539485,
      0.535464,
      0.534606,
      0.533922,
      0.533553,
      0.53273,
      0.532742,
      0.532568
    ],
    "val_acc": [
      0.984333,
      0.988,
      0.991333,
      0.990667,
      0.991667,
      0.991167,
      0.992167,
      0.993,
      0.993,
      0.992667,
      0.993667,
      0.992833,
      0.993167,
      0.9935,
      0.993333
    ],
    "learning_rates": [
      0.0009890738,
      0.0009567727,
      0.0009045085,
      0.0008345653,
      0.00075,
      0.0006545085,
      0.0005522642,
      0.0004477358,
      0.0003454915,
      0.00025,
      0.0001654347,
      9.54915e-05,
      4.322727e-05,
      1.09262e-05,
      0.0
    ],
    "epoch_times": [],
    "best_val_acc": 0.9936666666666667,
    "best_epoch": 11,
    "total_time": 168.68882822990417
  },
  "evaluation": {
    "overall_accuracy": 99.39,
    "loss": 0.1135707763671875,
    "per_class_accuracy": {}
  }
}