{
  "config": {
    "name": "overnight__simple_cnn_affine_erasing_adamw_cosine_0p3_0p0005_0p1",
    "seed": 42,
    "data": {
      "batch_size": 128,
      "val_split": 0.1,
      "augmentation": "affine_erasing",
      "num_workers": 0
    },
    "model": {
      "name": "simple_cnn",
      "kwargs": {
        "dropout": 0.3
      }
    },
    "optimizer": {
      "name": "adamw",
      "lr": 0.001,
      "weight_decay": 0.0005,
      "momentum": 0.9,
      "nesterov": false
    },
    "scheduler": {
      "name": "cosine",
      "kwargs": {
        "t_max": 15
      }
    },
    "training": {
      "epochs": 15,
      "label_smoothing": 0.1,
      "early_stopping_patience": 0
    },
    "parameters": 421642,
    "device": "cuda (NVIDIA GeForce RTX 4060 Ti)",
    "legacy_run_id": "overnight__simple_cnn_affine_erasing_adamw_cosine_0p3_0p0005_0p1__7d8de396"
  },
  "training": {
    "train_loss": [
      0.894901,
      0.707106,
      0.67252,
      0.657652,
      0.645168,
      0.638608,
      0.630163,
      0.626595,
      0.622053,
      0.617616,
      0.615456,
      0.611314,
      0.609878,
      0.608716,
      0.608948
    ],
    "train_acc": [
      0.869222,
      0.950685,
      0.961926,
      0.966056,
      0.970296,
      0.971889,
      0.975093,
      0.976204,
      0.976852,
      0.978444,
      0.979148,
      0.980778,
      0.980796,
      0.981056,
      0.980556
    ],
    "val_loss": [
      0.60855,
      0.586804,
      0.57057,
      0.559785,
      0.572743,
      0.556967,
      0.550656,
      0.548889,
      0.548864,
      0.547598,
      0.54477,
      0.543843,
      0.542868,
      0.542121,
      0.541558
    ],
    "val_acc": [
      0.981333,
      0.9855,
      0.986333,
      0.9895,
      0.989,
      0.990333,
      0.9915,
      0.991833,
      0.991667,
      0.992667,
      0.992667,
      0.9925,
      0.993333,
      0.9935,
      0.993667
    ],
    "learning_rates": [
      0.0009890738,
      0.0009567727,
      0.0009045085,
      0.0008345653,
      0.00075,
      0.0006545085,
      0.0005522642,
      0.0004477358,
      0.0003454915,
      0.00025,
      0.0001654347,
      9.54915e-05,
      4.322727e-05,
      1.09262e-05,
      0.0
    ],
    "epoch_times": [],
    "best_val_acc": 0.9936666666666667,
    "best_epoch": 15,
    "total_time": 272.9594712257385
  },
  "evaluation": {
    "overall_accuracy": 99.33999999999999,
    "loss": 0.10935255126953125,
    "per_class_accuracy": {}
  }
}