{
  "config": {
    "name": "overnight__simple_cnn_none_sgd_onecycle_0p3_0p0005_0p1",
    "seed": 42,
    "data": {
      "batch_size": 128,
      "val_split": 0.1,
      "augmentation": "none",
      "num_workers": 0
    },
    "model": {
      "name": "simple_cnn",
      "kwargs": {
        "dropout": 0.3
      }
    },
    "optimizer": {
      "name": "sgd",
      "lr": 0.001,
      "weight_decay": 0.0005,
      "momentum": 0.9,
      "nesterov": false
    },
    "scheduler": {
      "name": "onecycle",
      "kwargs": {
        "t_max": 15
      }
    },
    "training": {
      "epochs": 15,
      "label_smoothing": 0.1,
      "early_stopping_patience": 0
    },
    "parameters": 421642,
    "device": "cuda (NVIDIA GeForce RTX 4060 Ti)",
    "legacy_run_id": "overnight__simple_cnn_none_sgd_onecycle_0p3_0p0005_0p1__6096254c"
  },
  "training": {
    "train_loss": [
      1.515142,
      0.725971,
      0.648637,
      0.620549,
      0.605266,
      0.595958,
      0.589666,
      0.584329,
      0.579671,
      0.577547,
      0.573494,
      0.57136,
      0.569444,
      0.568134,
      0.566882
    ],
    "train_acc": [
      0.664167,
      0.939685,
      0.969074,
      0.978241,
      0.981704,
      0.984648,
      0.985907,
      0.987611,
      0.989278,
      0.989315,
      0.99037,
      0.990833,
      0.991426,
      0.991463,
      0.992111
    ],
    "val_loss": [
      0.776994,
      0.64536,
      0.604544,
      0.59062,
      0.579097,
      0.573482,
      0.564251,
      0.564791,
      0.558628,
      0.557728,
      0.554774,
      0.553253,
      0.552232,
      0.55168,
      0.551497
    ],
    "val_acc": [
      0.916667,
      0.963333,
      0.978,
      0.980833,
      0.983333,
      0.985333,
      0.986333,
      0.986667,
      0.9885,
      0.988333,
      0.989,
      0.988833,
      0.988833,
      0.988667,
      0.988833
    ],
    "learning_rates": [
      0.001524122,
      0.004369966,
      0.007604586,
      0.009712935,
      0.009943625,
      0.009503307,
      0.008662853,
      0.007496939,
      0.006109164,
      0.004622836,
      0.003170023,
      0.001879813,
      0.0008668467,
      0.0002211314,
      4.125671e-08
    ],
    "epoch_times": [],
    "best_val_acc": 0.989,
    "best_epoch": 11,
    "total_time": 167.72372770309448
  },
  "evaluation": {
    "overall_accuracy": 99.08,
    "loss": 0.13502576904296876,
    "per_class_accuracy": {}
  }
}