{
  "config": {
    "name": "overnight__simple_cnn_none_adamw_cosine_0p2_0p0_0p0",
    "seed": 42,
    "data": {
      "batch_size": 128,
      "val_split": 0.1,
      "augmentation": "none",
      "num_workers": 0
    },
    "model": {
      "name": "simple_cnn",
      "kwargs": {
        "dropout": 0.2
      }
    },
    "optimizer": {
      "name": "adamw",
      "lr": 0.001,
      "weight_decay": 0.0,
      "momentum": 0.9,
      "nesterov": false
    },
    "scheduler": {
      "name": "cosine",
      "kwargs": {
        "t_max": 15
      }
    },
    "training": {
      "epochs": 15,
      "label_smoothing": 0.0,
      "early_stopping_patience": 0
    },
    "parameters": 421642,
    "device": "cuda (NVIDIA GeForce RTX 4060 Ti)",
    "legacy_run_id": "overnight__simple_cnn_none_adamw_cosine_0p2_0p0_0p0__d5197783"
  },
  "training": {
    "train_loss": [
      0.193972,
      0.062137,
      0.042254,
      0.03386,
      0.024725,
      0.019691,
      0.015078,
      0.01081,
      0.009405,
      0.006572,
      0.004816,
      0.003983,
      0.00337,
      0.002593,
      0.002843
    ],
    "train_acc": [
      0.938722,
      0.980722,
      0.986278,
      0.989333,
      0.992093,
      0.99363,
      0.995389,
      0.996333,
      0.996926,
      0.998037,
      0.998426,
      0.99887,
      0.999074,
      0.999407,
      0.999352
    ],
    "val_loss": [
      0.059088,
      0.055685,
      0.051138,
      0.035853,
      0.035328,
      0.038651,
      0.0355,
      0.040772,
      0.036885,
      0.037619,
      0.037266,
      0.03839,
      0.035711,
      0.036555,
      0.036284
    ],
    "val_acc": [
      0.981833,
      0.984333,
      0.985333,
      0.990167,
      0.990333,
      0.990333,
      0.991167,
      0.990833,
      0.9915,
      0.991833,
      0.992,
      0.992333,
      0.9935,
      0.993,
      0.993
    ],
    "learning_rates": [
      0.0009890738,
      0.0009567727,
      0.0009045085,
      0.0008345653,
      0.00075,
      0.0006545085,
      0.0005522642,
      0.0004477358,
      0.0003454915,
      0.00025,
      0.0001654347,
      9.54915e-05,
      4.322727e-05,
      1.09262e-05,
      0.0
    ],
    "epoch_times": [],
    "best_val_acc": 0.9935,
    "best_epoch": 13,
    "total_time": 165.7427532672882
  },
  "evaluation": {
    "overall_accuracy": 99.33,
    "loss": 0.025234950256347657,
    "per_class_accuracy": {}
  }
}