{
  "config": {
    "name": "overnight__simple_cnn_affine_erasing_sgd_onecycle_0p2_0p0_0p0",
    "seed": 42,
    "data": {
      "batch_size": 128,
      "val_split": 0.1,
      "augmentation": "affine_erasing",
      "num_workers": 0
    },
    "model": {
      "name": "simple_cnn",
      "kwargs": {
        "dropout": 0.2
      }
    },
    "optimizer": {
      "name": "sgd",
      "lr": 0.001,
      "weight_decay": 0.0,
      "momentum": 0.9,
      "nesterov": false
    },
    "scheduler": {
      "name": "onecycle",
      "kwargs": {
        "t_max": 15
      }
    },
    "training": {
      "epochs": 15,
      "label_smoothing": 0.0,
      "early_stopping_patience": 0
    },
    "parameters": 421642,
    "device": "cuda (NVIDIA GeForce RTX 4060 Ti)",
    "legacy_run_id": "overnight__simple_cnn_affine_erasing_sgd_onecycle_0p2_0p0_0p0__47561653"
  },
  "training": {
    "train_loss": [
      1.5473,
      0.472094,
      0.264761,
      0.197671,
      0.16264,
      0.142407,
      0.122996,
      0.115817,
      0.106314,
      0.096015,
      0.092408,
      0.084906,
      0.083472,
      0.077016,
      0.076824
    ],
    "train_acc": [
      0.502963,
      0.85187,
      0.916704,
      0.938426,
      0.948519,
      0.954833,
      0.961222,
      0.963611,
      0.965481,
      0.969907,
      0.970093,
      0.972648,
      0.973722,
      0.976093,
      0.975204
    ],
    "val_loss": [
      0.396272,
      0.137099,
      0.084162,
      0.068688,
      0.066487,
      0.052824,
      0.040371,
      0.039328,
      0.035758,
      0.032509,
      0.03142,
      0.027637,
      0.025378,
      0.025835,
      0.025721
    ],
    "val_acc": [
      0.899,
      0.960833,
      0.974833,
      0.978833,
      0.9795,
      0.983167,
      0.986667,
      0.988333,
      0.989,
      0.990667,
      0.990333,
      0.992167,
      0.9935,
      0.992333,
      0.9925
    ],
    "learning_rates": [
      0.001524122,
      0.004369966,
      0.007604586,
      0.009712935,
      0.009943625,
      0.009503307,
      0.008662853,
      0.007496939,
      0.006109164,
      0.004622836,
      0.003170023,
      0.001879813,
      0.0008668467,
      0.0002211314,
      4.125671e-08
    ],
    "epoch_times": [],
    "best_val_acc": 0.9935,
    "best_epoch": 13,
    "total_time": 268.83117055892944
  },
  "evaluation": {
    "overall_accuracy": 99.1,
    "loss": 0.0229921875,
    "per_class_accuracy": {}
  }
}