{
  "config": {
    "name": "overnight__simple_cnn_affine_sgd_onecycle_0p2_0p0_0p0",
    "seed": 42,
    "data": {
      "batch_size": 128,
      "val_split": 0.1,
      "augmentation": "affine",
      "num_workers": 0
    },
    "model": {
      "name": "simple_cnn",
      "kwargs": {
        "dropout": 0.2
      }
    },
    "optimizer": {
      "name": "sgd",
      "lr": 0.001,
      "weight_decay": 0.0,
      "momentum": 0.9,
      "nesterov": false
    },
    "scheduler": {
      "name": "onecycle",
      "kwargs": {
        "t_max": 15
      }
    },
    "training": {
      "epochs": 15,
      "label_smoothing": 0.0,
      "early_stopping_patience": 0
    },
    "parameters": 421642,
    "device": "cuda (NVIDIA GeForce RTX 4060 Ti)",
    "legacy_run_id": "overnight__simple_cnn_affine_sgd_onecycle_0p2_0p0_0p0__d8fb8552"
  },
  "training": {
    "train_loss": [
      1.525222,
      0.393584,
      0.200415,
      0.148033,
      0.117644,
      0.102196,
      0.090998,
      0.082391,
      0.073987,
      0.069389,
      0.062417,
      0.060976,
      0.054964,
      0.05047,
      0.048574
    ],
    "train_acc": [
      0.522519,
      0.877296,
      0.937537,
      0.95313,
      0.962463,
      0.968852,
      0.971889,
      0.974185,
      0.976741,
      0.978815,
      0.980519,
      0.980815,
      0.982722,
      0.984944,
      0.985037
    ],
    "val_loss": [
      0.379985,
      0.127531,
      0.080404,
      0.074046,
      0.0698,
      0.057474,
      0.044042,
      0.036384,
      0.046102,
      0.033014,
      0.028533,
      0.025976,
      0.025676,
      0.024703,
      0.024452
    ],
    "val_acc": [
      0.898667,
      0.9605,
      0.975167,
      0.977333,
      0.979833,
      0.983667,
      0.984833,
      0.988833,
      0.986,
      0.990667,
      0.991167,
      0.993167,
      0.993,
      0.993167,
      0.993167
    ],
    "learning_rates": [
      0.001524122,
      0.004369966,
      0.007604586,
      0.009712935,
      0.009943625,
      0.009503307,
      0.008662853,
      0.007496939,
      0.006109164,
      0.004622836,
      0.003170023,
      0.001879813,
      0.0008668467,
      0.0002211314,
      4.125671e-08
    ],
    "epoch_times": [],
    "best_val_acc": 0.9931666666666666,
    "best_epoch": 12,
    "total_time": 223.60242986679077
  },
  "evaluation": {
    "overall_accuracy": 99.27,
    "loss": 0.023729156494140625,
    "per_class_accuracy": {}
  }
}