{
  "config": {
    "name": "overnight__simple_cnn_affine_adamw_cosine_0p3_0p0005_0p1",
    "seed": 42,
    "data": {
      "batch_size": 128,
      "val_split": 0.1,
      "augmentation": "affine",
      "num_workers": 0
    },
    "model": {
      "name": "simple_cnn",
      "kwargs": {
        "dropout": 0.3
      }
    },
    "optimizer": {
      "name": "adamw",
      "lr": 0.001,
      "weight_decay": 0.0005,
      "momentum": 0.9,
      "nesterov": false
    },
    "scheduler": {
      "name": "cosine",
      "kwargs": {
        "t_max": 15
      }
    },
    "training": {
      "epochs": 15,
      "label_smoothing": 0.1,
      "early_stopping_patience": 0
    },
    "parameters": 421642,
    "device": "cuda (NVIDIA GeForce RTX 4060 Ti)",
    "legacy_run_id": "overnight__simple_cnn_affine_adamw_cosine_0p3_0p0005_0p1__98444def"
  },
  "training": {
    "train_loss": [
      0.845255,
      0.661399,
      0.633444,
      0.6204,
      0.612365,
      0.60526,
      0.599796,
      0.596255,
      0.591586,
      0.590258,
      0.587053,
      0.584659,
      0.583556,
      0.582668,
      0.581784
    ],
    "train_acc": [
      0.889426,
      0.966519,
      0.974907,
      0.978963,
      0.980944,
      0.983685,
      0.984222,
      0.984981,
      0.9865,
      0.987074,
      0.987889,
      0.988556,
      0.988444,
      0.989481,
      0.988907
    ],
    "val_loss": [
      0.599629,
      0.57204,
      0.562908,
      0.562824,
      0.560649,
      0.553586,
      0.549158,
      0.544759,
      0.544256,
      0.540607,
      0.539496,
      0.538853,
      0.539309,
      0.538095,
      0.537554
    ],
    "val_acc": [
      0.9835,
      0.9875,
      0.989333,
      0.989167,
      0.988333,
      0.991333,
      0.990833,
      0.9925,
      0.992333,
      0.993167,
      0.9935,
      0.993333,
      0.993167,
      0.993667,
      0.993667
    ],
    "learning_rates": [
      0.0009890738,
      0.0009567727,
      0.0009045085,
      0.0008345653,
      0.00075,
      0.0006545085,
      0.0005522642,
      0.0004477358,
      0.0003454915,
      0.00025,
      0.0001654347,
      9.54915e-05,
      4.322727e-05,
      1.09262e-05,
      0.0
    ],
    "epoch_times": [],
    "best_val_acc": 0.9936666666666667,
    "best_epoch": 14,
    "total_time": 226.89894437789917
  },
  "evaluation": {
    "overall_accuracy": 99.58,
    "loss": 0.10630853271484375,
    "per_class_accuracy": {}
  }
}