{
  "config": {
    "name": "overnight__simple_cnn_affine_erasing_adamw_cosine_0p2_0p0_0p0",
    "seed": 42,
    "data": {
      "batch_size": 128,
      "val_split": 0.1,
      "augmentation": "affine_erasing",
      "num_workers": 0
    },
    "model": {
      "name": "simple_cnn",
      "kwargs": {
        "dropout": 0.2
      }
    },
    "optimizer": {
      "name": "adamw",
      "lr": 0.001,
      "weight_decay": 0.0,
      "momentum": 0.9,
      "nesterov": false
    },
    "scheduler": {
      "name": "cosine",
      "kwargs": {
        "t_max": 15
      }
    },
    "training": {
      "epochs": 15,
      "label_smoothing": 0.0,
      "early_stopping_patience": 0
    },
    "parameters": 421642,
    "device": "cuda (NVIDIA GeForce RTX 4060 Ti)",
    "legacy_run_id": "overnight__simple_cnn_affine_erasing_adamw_cosine_0p2_0p0_0p0__f53f9316"
  },
  "training": {
    "train_loss": [
      0.400343,
      0.154859,
      0.123043,
      0.106831,
      0.09469,
      0.085554,
      0.07746,
      0.074666,
      0.068399,
      0.065311,
      0.060627,
      0.057171,
      0.055229,
      0.051228,
      0.052805
    ],
    "train_acc": [
      0.871463,
      0.950426,
      0.960741,
      0.967056,
      0.970074,
      0.973204,
      0.975981,
      0.976574,
      0.978481,
      0.979093,
      0.98063,
      0.981833,
      0.982185,
      0.984167,
      0.982426
    ],
    "val_loss": [
      0.073642,
      0.050329,
      0.044609,
      0.041564,
      0.034598,
      0.031423,
      0.027764,
      0.028419,
      0.027366,
      0.025336,
      0.024114,
      0.023794,
      0.023671,
      0.022776,
      0.022801
    ],
    "val_acc": [
      0.977833,
      0.985833,
      0.9855,
      0.985833,
      0.989667,
      0.9915,
      0.991167,
      0.9905,
      0.991667,
      0.992667,
      0.9925,
      0.993333,
      0.992833,
      0.993,
      0.993333
    ],
    "learning_rates": [
      0.0009890738,
      0.0009567727,
      0.0009045085,
      0.0008345653,
      0.00075,
      0.0006545085,
      0.0005522642,
      0.0004477358,
      0.0003454915,
      0.00025,
      0.0001654347,
      9.54915e-05,
      4.322727e-05,
      1.09262e-05,
      0.0
    ],
    "epoch_times": [],
    "best_val_acc": 0.9933333333333333,
    "best_epoch": 12,
    "total_time": 270.1062026023865
  },
  "evaluation": {
    "overall_accuracy": 99.46000000000001,
    "loss": 0.016835902404785157,
    "per_class_accuracy": {}
  }
}