{
  "config": {
    "name": "overnight__simple_cnn_none_sgd_onecycle_0p2_0p0_0p0",
    "seed": 42,
    "data": {
      "batch_size": 128,
      "val_split": 0.1,
      "augmentation": "none",
      "num_workers": 0
    },
    "model": {
      "name": "simple_cnn",
      "kwargs": {
        "dropout": 0.2
      }
    },
    "optimizer": {
      "name": "sgd",
      "lr": 0.001,
      "weight_decay": 0.0,
      "momentum": 0.9,
      "nesterov": false
    },
    "scheduler": {
      "name": "onecycle",
      "kwargs": {
        "t_max": 15
      }
    },
    "training": {
      "epochs": 15,
      "label_smoothing": 0.0,
      "early_stopping_patience": 0
    },
    "parameters": 421642,
    "device": "cuda (NVIDIA GeForce RTX 4060 Ti)",
    "legacy_run_id": "overnight__simple_cnn_none_sgd_onecycle_0p2_0p0_0p0__d78ae908"
  },
  "training": {
    "train_loss": [
      1.209525,
      0.193046,
      0.101848,
      0.074536,
      0.059134,
      0.048127,
      0.041131,
      0.035577,
      0.031744,
      0.027761,
      0.023328,
      0.020514,
      0.018465,
      0.016307,
      0.014837
    ],
    "train_acc": [
      0.691611,
      0.942,
      0.969593,
      0.977778,
      0.981519,
      0.985222,
      0.987296,
      0.988981,
      0.99,
      0.99163,
      0.992889,
      0.993833,
      0.994519,
      0.995093,
      0.995537
    ],
    "val_loss": [
      0.263049,
      0.118747,
      0.073893,
      0.067968,
      0.053635,
      0.053044,
      0.045914,
      0.040252,
      0.044529,
      0.033592,
      0.036087,
      0.034986,
      0.035262,
      0.033371,
      0.033463
    ],
    "val_acc": [
      0.9225,
      0.962167,
      0.9795,
      0.98,
      0.983667,
      0.983667,
      0.986167,
      0.988667,
      0.986333,
      0.990833,
      0.99,
      0.99,
      0.989833,
      0.990167,
      0.990333
    ],
    "learning_rates": [
      0.001524122,
      0.004369966,
      0.007604586,
      0.009712935,
      0.009943625,
      0.009503307,
      0.008662853,
      0.007496939,
      0.006109164,
      0.004622836,
      0.003170023,
      0.001879813,
      0.0008668467,
      0.0002211314,
      4.125671e-08
    ],
    "epoch_times": [],
    "best_val_acc": 0.9908333333333333,
    "best_epoch": 10,
    "total_time": 165.00872325897217
  },
  "evaluation": {
    "overall_accuracy": 99.11,
    "loss": 0.025674252319335938,
    "per_class_accuracy": {}
  }
}