{
  "config": {
    "name": "overnight__simple_cnn_affine_erasing_sgd_onecycle_0p3_0p0005_0p1",
    "seed": 42,
    "data": {
      "batch_size": 128,
      "val_split": 0.1,
      "augmentation": "affine_erasing",
      "num_workers": 0
    },
    "model": {
      "name": "simple_cnn",
      "kwargs": {
        "dropout": 0.3
      }
    },
    "optimizer": {
      "name": "sgd",
      "lr": 0.001,
      "weight_decay": 0.0005,
      "momentum": 0.9,
      "nesterov": false
    },
    "scheduler": {
      "name": "onecycle",
      "kwargs": {
        "t_max": 15
      }
    },
    "training": {
      "epochs": 15,
      "label_smoothing": 0.1,
      "early_stopping_patience": 0
    },
    "parameters": 421642,
    "device": "cuda (NVIDIA GeForce RTX 4060 Ti)",
    "legacy_run_id": "overnight__simple_cnn_affine_erasing_sgd_onecycle_0p3_0p0005_0p1__cd20c5ad"
  },
  "training": {
    "train_loss": [
      1.764592,
      0.973182,
      0.795978,
      0.743105,
      0.712302,
      0.698025,
      0.681547,
      0.672776,
      0.663699,
      0.656422,
      0.651203,
      0.645197,
      0.642427,
      0.638424,
      0.637507
    ],
    "train_acc": [
      0.473407,
      0.836259,
      0.912759,
      0.93413,
      0.946481,
      0.950426,
      0.957722,
      0.960815,
      0.963741,
      0.965667,
      0.966907,
      0.969296,
      0.969648,
      0.971667,
      0.971204
    ],
    "val_loss": [
      0.88549,
      0.679822,
      0.63867,
      0.615775,
      0.60685,
      0.59707,
      0.584444,
      0.579318,
      0.575645,
      0.56858,
      0.566786,
      0.564636,
      0.562785,
      0.561956,
      0.561031
    ],
    "val_acc": [
      0.879833,
      0.961167,
      0.971833,
      0.977333,
      0.980167,
      0.981,
      0.986333,
      0.985167,
      0.987333,
      0.987,
      0.988,
      0.987167,
      0.9885,
      0.988333,
      0.988167
    ],
    "learning_rates": [
      0.001524122,
      0.004369966,
      0.007604586,
      0.009712935,
      0.009943625,
      0.009503307,
      0.008662853,
      0.007496939,
      0.006109164,
      0.004622836,
      0.003170023,
      0.001879813,
      0.0008668467,
      0.0002211314,
      4.125671e-08
    ],
    "epoch_times": [],
    "best_val_acc": 0.9885,
    "best_epoch": 13,
    "total_time": 271.0616943836212
  },
  "evaluation": {
    "overall_accuracy": 99.17,
    "loss": 0.1204044189453125,
    "per_class_accuracy": {}
  }
}